"name","name_alt1","name_alt2","name_alt3","name_alt4","abbreviation","type","uniqid","statements","appearances"
"Aerial Agricultural Association of Australia","Aerial Application Association of Australia","Aerial Agricultural Association","Aerial Application Association",NA,NA,"Business","17",1,6
"Agribusiness Association of Australia","Agribusiness Association",NA,NA,NA,NA,"Business","26",0,11
"Almond Board of Australia","Australian Almonds",NA,NA,NA,NA,"Business","41",0,0
"Animal Health Alliance","Animal Health Australia",NA,NA,NA,NA,"Business","53",4,33
"Animals Asia Foundation",NA,NA,NA,NA,NA,"Citizen","55",0,1
"Animals Australia",NA,NA,NA,NA,NA,"Citizen","56",42,270
"Apple and Pear Australia",NA,NA,NA,NA,NA,"Business","59",0,9
"Arboriculture Australia","Arboriculture",NA,NA,NA,"AHEA","Business","61",2,8
"Aussie Helpers",NA,NA,NA,NA,NA,"Service","112",0,0
"Australia Belted Galloway Association",NA,NA,NA,NA,NA,"Business","117",0,0
"Australia Zoo Wildlife Warriors Worldwide",NA,NA,NA,NA,NA,"Citizen","126",0,1
"Australian Agricultural and Resource Economics Society",NA,NA,NA,NA,NA,"Professional","149",0,1
"Australian Alpaca Association",NA,NA,NA,NA,NA,"Business","151",4,9
"Australian Association for Environmental Education",NA,NA,NA,NA,NA,"Professional","162",0,3
"Australian Association of Stud Merino Breeders",NA,NA,NA,NA,NA,"Business","184",0,1
"Australian Banana Growers Council",NA,NA,NA,NA,NA,"Business","195",6,8
"Australian Beef Association Ltd","Australian Beef Association",NA,NA,NA,NA,"Business","201",1,5
"Australian Braford Society Inc","Australian Braford Society",NA,NA,NA,NA,"Business","211",0,0
"Australian Brahman Breeders Association Ltd","Australian Brahman Breeders Association",NA,NA,NA,NA,"Business","212",0,0
"Australian Brangus Cattle Association Ltd","Australian Brangus Cattle Association",NA,NA,NA,NA,"Business","213",0,0
"Australian Cane Farmers Association",NA,NA,NA,NA,NA,"Business","222",0,2
"Australian Cane Growers Council (t/a Canegrowers Australia)","Canegrowers Australia","Australian Cane Growers Council",NA,NA,NA,"Business","223",1,3
"Australian Cashmere Growers Association Ltd","Cashmere Australia",NA,NA,NA,NA,"Business","229",0,0
"Australian Chamber of Fruit and Vegetable Industries Ltd","Fresh Markets Australia",NA,NA,NA,NA,"Business","238",0,1
"Australian Chicken Growers Council",NA,NA,NA,NA,NA,"Business","239",0,0
"Australian Chicken Meat Federation",NA,NA,NA,NA,NA,"Business","240",3,21
"Australian College of Veterinary Scientists","Australian and New Zealand College of Veterinary Scientists",NA,NA,NA,NA,"Professional","258",0,2
"Australian Companion Animal Health Foundation",NA,NA,NA,NA,NA,"Service","267",0,0
"Australian Corriedale Association Inc","Australian Corriedale Association",NA,NA,NA,NA,"Business","274",0,0
"Australian Culinary Federation",NA,NA,NA,NA,"ACF","Professional","295",5,19
"Australian Dairy Farmers",NA,NA,NA,NA,NA,"Business","298",57,217
"Australian Dairy Products Federation",NA,NA,NA,NA,NA,"Business","299",7,17
"Australian Deer Association",NA,NA,NA,NA,NA,"Citizen","302",6,76
"Australian Fodder Industry Association",NA,NA,NA,NA,NA,"Business","353",5,11
"Australian Forest Growers",NA,NA,NA,NA,NA,"Business","356",1,4
"Australian Forest Products Association",NA,NA,NA,NA,NA,"Business","357",36,141
"Australian Galloway Association Inc","Australian Galloway Association",NA,NA,NA,NA,"Business","362",0,0
"Australian Garlic Industry Association",NA,NA,NA,NA,NA,"Business","364",0,8
"Australian Gelbvieh Association",NA,NA,NA,NA,NA,"Business","366",0,1
"Australian Grain Exporters Association","Grain Trade Australia",NA,NA,NA,NA,"Business","373",9,22
"Australian Honey Bee Industry Council",NA,NA,NA,NA,NA,"Business","392",10,48
"Australian Horse Industry Council",NA,NA,NA,NA,NA,"Business","393",0,1
"Australian Horticulture Exporters Association",NA,NA,NA,NA,NA,"Business","394",0,0
"Australian Institute of Agricultural Science and Technology","Ag Institute Australia",NA,NA,NA,NA,"Business","411",0,1
"Australian Institute of Horticulture",NA,NA,NA,NA,NA,"Professional","423",3,5
"Australian Lavender Growers Association",NA,NA,NA,NA,NA,"Business","462",0,0
"Australian Livestock and Property Agents Association",NA,NA,NA,NA,NA,"Business","472",0,3
"Australian Livestock and Rural Transporters' Association","Australian Livestock and Rural Transporters Association",NA,NA,NA,NA,"Business","473",0,0
"Australian Lot Feeders Association",NA,NA,NA,NA,NA,"Business","476",2,7
"Australian Lowline Cattle Association",NA,NA,NA,NA,NA,"Business","477",0,1
"Australian Lychee Growers' Association","Australian Lychee Growers Association",NA,NA,NA,NA,"Business","479",0,0
"Australian Macadamia Society",NA,NA,NA,NA,NA,"Business","480",1,8
"Australian Mammal Society",NA,NA,NA,NA,NA,"Professional","482",0,1
"Australian Mango Industry Association",NA,NA,NA,NA,NA,"Business","483",9,18
"Australian Melon Association",NA,NA,NA,NA,NA,"Business","502",5,14
"Australian Milking Machine Trade Association",NA,NA,NA,NA,NA,"Business","507",0,0
"Australian Miniature Goat Association","Minature Goats Australia",NA,NA,NA,NA,"Business","509",0,0
"Australian Nashi Growers Association",NA,NA,NA,NA,NA,"Business","522",0,0
"Australian National Kennel Council",NA,NA,NA,NA,NA,"Citizen","529",0,13
"Australian Nut Industry Council",NA,NA,NA,NA,NA,"Business","540",0,4
"Australian Oilseeds Federation",NA,NA,NA,NA,NA,"Business","541",1,3
"Australian Olive Association",NA,NA,NA,NA,NA,"Business","542",1,7
"Australian Pecan Growers Association",NA,NA,NA,NA,NA,"Business","555",0,0
"Australian Pig Breeders Association Ltd","Australian Pig Breeders Association",NA,NA,NA,NA,"Business","564",0,0
"Australian Poll Dorset Association Inc","Australian Poll Dorset Association",NA,NA,NA,NA,"Business","570",0,0
"Australian Pork",NA,NA,NA,NA,NA,"Business","573",0,210
"Australian Prawn Farmers Association",NA,NA,NA,NA,NA,"Business","577",0,23
"Australian Registered Cattle Breeders Association",NA,NA,NA,NA,NA,"Business","598",0,0
"Australian Seed Federation",NA,NA,NA,NA,NA,"Business","618",0,2
"Australian Sheep Breeders Association","Australian Stud Sheep Breeders Association",NA,NA,NA,NA,"Business","626",0,1
"Australian Simmental Breeders Association","Simmental Australia",NA,NA,NA,NA,"Business","631",0,2
"Australian Society for Fish Biology",NA,NA,NA,NA,"ASFB","Professional","636",0,0
"Australian Society of Horticultural Science",NA,NA,NA,NA,"AuSHS","Professional","651",0,1
"Australian Society of Soil Science Inc","Australian Society of Soil Science",NA,NA,NA,NA,"Professional","657",0,0
"Australian Society of Sugar Cane Technologists Ltd","Australian Society of Sugar Cane Technologists",NA,NA,NA,NA,"Professional","658",0,0
"Australian Society of Viticulture and Oenology Inc","Australian Society of Viticulture and Oenology",NA,NA,NA,NA,"Professional","659",0,12
"Australian Sugar Milling Council",NA,NA,NA,NA,NA,"Business","673",12,23
"Australian Superfine Wool Growers Association",NA,NA,NA,NA,NA,"Business","674",1,2
"Australian Table Grape Association",NA,NA,NA,NA,NA,"Business","676",4,10
"Australian Tea Tree Industry Association",NA,NA,NA,NA,NA,"Business","679",0,0
"Australian Texel Stud Breeders Association Inc","Australian Texel Stud Breeders Association",NA,NA,NA,NA,"Business","685",0,0
"Australian Vine Improvement Association",NA,NA,NA,NA,NA,"Business","705",0,0
"Australian Wagyu Association",NA,NA,NA,NA,NA,"Business","709",3,8
"Australian Walnut Industry Association",NA,NA,NA,NA,NA,"Business","710",1,2
"Australian White Suffolk Association",NA,NA,NA,NA,NA,"Business","716",0,0
"Australian Women in Agriculture",NA,NA,NA,NA,NA,"Business","720",1,6
"Australian Wool Growers Association","Australian Wool Growers' Association",NA,NA,NA,NA,"Business","726",4,7
"AUSVEG",NA,NA,NA,NA,NA,"Business","735",105,215
"Avocados Australia",NA,NA,NA,NA,NA,"Business","741",33,45
"Ayrshire Australia Ltd","Australian Ayrshires","Ayrshire",NA,NA,NA,"Business","742",0,0
"Barley Australia","Barley",NA,NA,NA,NA,"Business","747",2,2
"Beef Shorthorn Society of Australia","Beef Shorthorn Society",NA,NA,NA,NA,"Business","751",0,0
"Biodynamic Agriculture Australia",NA,NA,NA,NA,NA,"Business","759",3,3
"Birds Australia","Birdlife Australia",NA,NA,NA,NA,"Citizen","762",49,198
"Boer Goat Breeders Association","Boer Goat Breeders",NA,NA,NA,NA,"Business","771",0,0
"Brown Swiss Cattle Breeders of Australia Inc","Brown Swiss Cattle Breeders of Australia","Brown Swiss Cattle Breeders","Brown Swiss Cattle Breeders",NA,NA,"Business","790",0,0
"Cattle Council of Australia",NA,NA,NA,NA,NA,"Business","819",11,46
"Cherry Growers of Australia Inc","Cherry Growers of Australia",NA,NA,NA,NA,"Business","836",0,0
"Chestnuts Australia",NA,NA,NA,NA,NA,"Business","837",0,1
"Choose Cruelty Free","Cruely Free International",NA,NA,NA,NA,"Citizen","847",0,10
"Citrus Australia",NA,NA,NA,NA,NA,"Business","856",19,54
"Cotton Australia",NA,NA,NA,NA,NA,"Business","910",42,84
"CropLife Australia","CropLife",NA,NA,NA,NA,"Business","926",4,26
"Dairy Australia",NA,NA,NA,NA,NA,"Business","933",117,282
"Dairy Goat Society of Australia","Dairy Goat Society",NA,NA,NA,NA,"Business","934",0,1
"Dairy Industry Association of Australia","Dairy Industry Association",NA,NA,NA,NA,"Business","935",0,6
"Damara Sheep Breeders Society of Australia","Damara Sheep Breeders Society",NA,NA,NA,NA,"Business","937",0,0
"Deer Industry Association of Australia","Deer Industry Association",NA,NA,NA,NA,"Business","946",0,0
"Devon Cattle Breeders Society of Australia","Devon Cattle Breeders Society",NA,NA,NA,NA,"Business","953",0,0
"Distilled Spirits Industry Council of Australia","Distilled Spirits Industry Council",NA,NA,NA,NA,"Business","962",0,3
"Dorper Sheep Society of Australia","Dorper Sheep Society",NA,NA,NA,NA,"Business","967",0,4
"Dried Fruits Australia",NA,NA,NA,NA,NA,"Business","969",0,3
"Australian Veterinary Association","Australian Cattle Veterinarians","Equine Veterinarians Australia",NA,NA,NA,"Professional","997",45,284
"Essential Oil Producers Association of Australia","Essential Oil Producers Association",NA,NA,NA,NA,"Business","999",0,0
"Field and Game Australia",NA,NA,NA,NA,"FGA","Citizen","1030",0,19
"Food and Beverage Importers Association",NA,NA,NA,NA,NA,"Business","1047",0,1
"ForestWorks",NA,NA,NA,NA,"IFA","Business","1051",0,2
"Free Range Egg and Poultry Australia","Free Range Egg and Poultry",NA,NA,NA,NA,"Business","1056",0,3
"Fruit Juice Australia","Australian Beverages",NA,NA,NA,NA,"Business","1064",3,278
"Australian Small Animal Veterinary Association",NA,NA,NA,NA,NA,"Professional","20078",0,0
"Goat Industry Council of Australia","Goat Industry Council",NA,NA,NA,NA,"Business","1090",0,1
"Grain Growers Association","Grain Growers' Association",NA,NA,NA,NA,"Business","1096",6,11
"Grain Producers Australia","Grain Producers' Australia",NA,NA,NA,NA,"Business","1097",30,71
"Grassland Society of Southern Australia","Grassland Society",NA,NA,NA,NA,"Business","1101",0,0
"Hazelnut Growers of Australia",NA,NA,NA,NA,NA,"Business","1117",0,1
"Holstein-Friesian Association of Australia","Holstein-Friesian Association",NA,NA,NA,NA,"Business","1132",0,0
"Humane Research Australia","Humane Research",NA,NA,NA,NA,"Citizen","1143",9,18
"Irrigation Australia Limited","Irrigation Australia",NA,NA,NA,NA,"Business","1196",1,1
"Jersey Australia",NA,NA,NA,NA,NA,"Business","1205",0,3
"lllawarra Cattle Society of Australia","Illawarras Australia","lllawarra Cattle Society",NA,NA,NA,"Business","1233",0,0
"Maize Association of Australia","Maize Associatio",NA,NA,NA,NA,"Business","1240",0,0
"Master Fish Merchants' Association of Australia","Master Fish Merchants' Association","Master Fish Merchants Association of Australia","Master Fish Merchants Association",NA,NA,"Business","1248",0,1
"Master Grocers Australia","Master Grocers",NA,NA,NA,NA,"Business","1249",8,42
"Medical Advances Without Animals Trust",NA,NA,NA,NA,NA,"Service","1257",0,0
"Mohair Australia",NA,NA,NA,NA,NA,"Business","1279",0,1
"Murray Grey Beef Cattle Society Ltd","Murray Grey Beef Cattle Society",NA,NA,NA,NA,"Business","1285",0,0
"National Aquaculture Council",NA,NA,NA,NA,NA,"Business","1296",0,1
"National Association for Sustainable Agriculture Australia","National Association for Sustainable Agriculture",NA,NA,NA,NA,"Business","1299",0,10
"National Association of Agricultural Educators",NA,NA,NA,NA,NA,"Professional","1301",0,0
"National Baking Industry Association",NA,NA,NA,NA,"NBIA","Business","1313",0,4
"National Council of Wool Selling Brokers of Australia","National Council of Wool Selling Brokers",NA,NA,NA,NA,"Business","1325",0,10
"National Farmers' Federation","National Farmers Federation",NA,NA,NA,NA,"Business","1334",257,1460
"National Herd Improvement Association of Australia Inc","National Herd Improvement Association",NA,NA,NA,NA,"Business","1342",0,0
"Nursery and Garden Industry Australia","Greenlife Industry Australia","Nursery and Garden Industry","Greenlife Industry",NA,NA,"Business","1385",3,15
"Onions Australia",NA,NA,NA,NA,NA,"Business","1395",2,5
"Organic Agriculture Association Inc","Organic Agriculture Association",NA,NA,NA,NA,"Business","1399",0,0
"Organic Federation of Australia","Organic Industries","Organic Federation",NA,NA,NA,"Business","1400",0,2
"Angus Australia","Angus Society of Australia","Angus Society",NA,NA,NA,"Business","10637",1,4
"Passionfruit Australia Inc","Passionfruit Australia",NA,NA,NA,NA,"Business","1421",0,0
"Pet Food Industry Association of Australia","Pet Food Industry Association",NA,NA,NA,NA,"Business","1423",2,9
"Pet Industry Association of Australia","Pet Industry Association",NA,NA,NA,NA,"Business","1424",7,11
"Pistachio Growers Association",NA,NA,NA,NA,NA,"Business","1431",0,0
"Potato Processors Association of Australia","Potato Processors Association",NA,NA,NA,NA,"Business","1447",0,0
"Private Treaty Wool Merchants of Australia Inc","Private Treaty Wool Merchants of Australia","Private Treaty Wool Merchants",NA,NA,NA,"Business","1456",0,0
"Institute of Foresters of Australia","Institute of Foresters",NA,NA,NA,NA,"Professional","20126",0,5
"Protected Cropping Australia","Protected Cropping",NA,NA,NA,NA,"Business","1468",0,0
"Pulse Australia",NA,NA,NA,NA,NA,"Business","1475",3,7
"Red Meat Advisory Council",NA,NA,NA,NA,"RMAC","Business","1482",21,50
"Ricegrowers Association of Australia","Ricegrowers Association",NA,NA,NA,NA,"Business","1499",2,1
"RSPCA Australia",NA,NA,NA,NA,NA,"Citizen","1518",32,68
"Santa Gertrudis Breeders Association",NA,NA,NA,NA,NA,"Business","1523",0,1
"Seafood Services Australia","Seafood Services",NA,NA,NA,NA,"Business","1536",0,0
"Shearing Contractors' Association of Australia","Shearing Contractors' Association","Shearing Contractors Association of Australia","Shearing Contractors Association",NA,NA,"Business","1547",0,0
"Sheepmeat Council of Australia","Sheep Producers Australia","Sheepmeat Council","Sheep Producers",NA,NA,"Business","1548",15,34
"Shorthorn Beef",NA,NA,NA,NA,NA,"Business","1551",0,3
"South Devon Cattle Society of Australia Inc","South Devon Cattle Society of Australia","South Devon Cattle Society",NA,NA,NA,"Business","1569",0,0
"Raspberries and Blackberries Australia","Raspberries and Blackberries",NA,NA,NA,NA,"Business","20161",0,0
"Australian Blueberry Growers Association","Berries Australia","Australian Blueberry Growers' Association",NA,NA,NA,"Business","1596",13,22
"Summerfruit",NA,NA,NA,NA,NA,"Business","1600",2,0
"Strawberries Australia",NA,NA,NA,NA,NA,"Business","20183",0,13
"Textile Distributors Association",NA,NA,NA,NA,"TDA","Business","1624",0,0
"Australian Council of Wool Exporters and Processors",NA,NA,NA,NA,NA,"Business","10724",0,0
"Timber Communities Australia","Timber Communities",NA,NA,NA,NA,"Business","1647",0,0
"Timber Trade Industrial Association",NA,NA,NA,NA,"TTIA","Business","1648",0,0
"Turf Australia",NA,NA,NA,NA,"TPA","Business","1658",2,10
"Veterinary Manufacturers and Distributors Association",NA,NA,NA,NA,NA,"Professional","1672",0,0
"Veterinary Nurses Council of Australia","Veterinary Nurses Council",NA,NA,NA,NA,"Professional","1673",1,1
"Voiceless animal protection institute","Animal protection institute",NA,NA,NA,NA,"Citizen","1679",0,4
"Wine Communicators of Australia","Wine Communicators",NA,NA,NA,NA,"Business","1694",0,2
"Wine Grape Growers Australia","Wine Grape Growers",NA,NA,NA,NA,"Business","1695",0,5
"Winemakers Federation of Australia","Winemakers Federation","Winemakers' Federation of Australia","Winemakers' Federation",NA,NA,"Business","1696",16,248
"WoolProducers Australia","WoolProducers",NA,NA,NA,NA,"Business","1705",1,12
"Australian Meat Industry Council (National Office and NSW)","Australian Meat Industry Council",NA,NA,NA,"AMIC","Business","20070",50,0
"Wool Producers",NA,NA,NA,NA,NA,"Business","10725",1,53
"Brewers Association of Australia and New Zealand",NA,NA,NA,NA,NA,"Business","20089",0,0
"Australian Specialty Coffee Association",NA,NA,NA,NA,NA,"Business","20079",4,16
"Grains Council of Australia","Grains Council",NA,NA,NA,NA,"Business","10613",0,4
"Australian Rural Youth",NA,NA,NA,NA,NA,"Citizen","10743",0,0
"Cement Concrete and Aggregates Australia","Cement and Concrete Association of Australia","Cement Concrete and Aggregates",NA,NA,NA,"Business","10540",4,15
"Accommodation Association of Australia","Accommodation Association",NA,NA,NA,"AAA","Business","8",59,66
"Advanced Association of Beauty Therapists",NA,NA,NA,NA,NA,"Professional","15",0,0
"Aerosol Association of Australia","Aerosol Association",NA,NA,NA,NA,"Business","18",0,0
"AFL Players' Association","AFL Players Association",NA,NA,NA,NA,"Professional","19",6,6
"AFL Umpires Association",NA,NA,NA,NA,"AFLUA","Professional","20",0,2
"Air Conditioning and Mechanical Contractors' Association of Australia","Air Conditioning and Mechanical Contractors' Association","Air Conditioning and Mechanical Contractors Association of Australia","Air Conditioning and Mechanical Contractors Association",NA,"RAAA","Business","30",0,0
"Air Conditioning and Refrigeration Equipment Manufacturers Association",NA,NA,NA,NA,NA,"Professional","31",0,0
"AM Institute",NA,NA,NA,NA,NA,"Professional","44",0,0
"Appita Inc","Appita",NA,NA,NA,NA,"Business","58",0,0
"Archery Australia Inc","Archery Australia",NA,NA,NA,NA,"Citizen","62",0,0
"Association for Data-driven Marketing and Advertising",NA,NA,NA,NA,NA,"Business","74",0,6
"Association for Manufacturing Excellence",NA,NA,NA,NA,NA,"Professional","75",0,0
"Association of Accounting Technicians Australia","Association of Accounting Technicians",NA,NA,NA,NA,"Professional","78",0,1
"Association of Consultants in Access, Australia","Association of Consultants in Access Australia","Association of Consultants in Acces",NA,NA,NA,"Professional","82",0,0
"Association of Financial Advisers",NA,NA,NA,NA,NA,"Professional","85",12,145
"Association of Market and Social Research Organisations",NA,NA,NA,NA,NA,"Business","90",0,8
"Association of Professional Aestheticians of Australia","Association of Professional Aestheticians",NA,NA,NA,"APAA","Professional","93",0,0
"Association of Professional Astrologers Inc","Association of Professional Astrologers",NA,NA,NA,NA,"Professional","94",0,0
"Association of Professional Color Imagers -Australia","Association of Professional Color Imagers",NA,NA,NA,NA,"Professional","95",0,0
"Association of Superannuation Funds of Australia","Association of Superannuation Funds",NA,NA,NA,NA,"Business","98",81,1163
"Association of Taxation and Management Accountants",NA,NA,NA,NA,NA,"Professional","99",0,1
"Athletics Australia",NA,NA,NA,NA,NA,"Business","105",9,82
"The Financial Services Council","Financial Services Council","Investment and Financial Services Association",NA,NA,NA,"Business","10750",347,1140
"Australian Amusement, Leisure and Recreation Association",NA,NA,NA,NA,NA,"Business","153",0,6
"Australian Association for Circus and Physical Theatre","Australian Circus and Physical Theatre Association",NA,NA,NA,NA,"Business","161",0,8
"Australian Association of National Advertisers",NA,NA,NA,NA,NA,"Business","180",11,162
"Australian Bankers' Association","Australian Banking Association","Australian Bankers Association",NA,NA,NA,"Business","197",319,1872
"Australian Bartenders Guild",NA,NA,NA,NA,NA,"Professional","199",0,0
"Australian Baseball Federation","Baseball Australia",NA,NA,NA,NA,"Business","200",1,7
"Australian Beverages Council",NA,NA,NA,NA,NA,"Business","202",25,119
"Stockbrokers Association of Australia","Security and Derivatives Industry Association","Stockbrokers Association",NA,NA,NA,"Business","1595",1,39
"Australian Booksellers Association",NA,NA,NA,NA,NA,"Business","208",10,55
"Australian Business Volunteers",NA,NA,NA,NA,NA,"Service","217",0,0
"Australian Businesswomen's Network","HerBusiness",NA,NA,NA,NA,"Professional","218",0,3
"Australian Carwash Association",NA,NA,NA,NA,NA,"Business","228",0,0
"Australian Catalogue Association",NA,NA,NA,NA,"ACA","Business","231",0,2
"Australian Chamber of Commerce and Industry",NA,NA,NA,NA,NA,"Business","237",923,2674
"Australian Collectors and Debt Buyers Association",NA,NA,NA,NA,NA,"Business","249",0,3
"Australian Communications Consumer Action Network",NA,NA,NA,NA,NA,"Citizen","263",77,230
"Australian Companies Institute",NA,NA,NA,NA,NA,"Business","266",0,0
"Australian Council of Super Investors",NA,NA,NA,NA,NA,"Business","285",0,18
"Australian Cricketers' Association","Australian Cricketers Association",NA,NA,NA,NA,"Professional","293",0,10
"Australian Die Casting Association",NA,NA,NA,NA,NA,"Business","311",0,0
"Australian Engravers and Signmakers Association Inc","Australian Engravers and Signmakers Association",NA,NA,NA,NA,"Business","320",0,0
"Australian Entertainment Agents Association Inc","Australian Entertainment Agents Association",NA,NA,NA,NA,"Professional","321",0,0
"Australian Equipment Lessors Association",NA,NA,NA,NA,NA,"Business","324",1,1
"Australian Facetors Guild Ltd","Australian Facetors Guild",NA,NA,NA,NA,"Professional","327",0,0
"Australian Federation of Employers and Industries",NA,NA,NA,NA,"AFEI","Business","334",0,3
"Australian Federation of Travel Agents",NA,NA,NA,NA,NA,"Professional","342",106,290
"Australian Fencing Federation",NA,NA,NA,NA,NA,"Business","344",0,1
"Australian Finance Conference","Australian Finance Industry Association",NA,NA,NA,NA,"Business","346",15,101
"Australian Financial Markets Association",NA,NA,NA,NA,NA,"Business","347",2,82
"Australian Fitness Network",NA,NA,NA,NA,"ESSA","Business","350",0,0
"Australian Fleet Lessors Association","Australasian Fleet Management Association","Australian Fleet Lessors' Association",NA,NA,NA,"Business","351",0,1
"Australian Food and Grocery Council",NA,NA,NA,NA,NA,"Business","354",0,329
"Australian Football League",NA,NA,NA,NA,NA,"Business","355",7,273
"Australian Funeral Directors Association",NA,NA,NA,NA,"AFDA","Professional","359",13,42
"Australian Furniture Association",NA,NA,NA,NA,NA,"Business","360",4,7
"Australian Gift and Homewares Association",NA,NA,NA,NA,"AGHA","Business","370",0,0
"Australian Glass and Glazing Association","Australian Glass and Window Association",NA,NA,NA,NA,"Business","371",0,3
"Australian Golf Course Superintendents Association",NA,NA,NA,NA,NA,"Professional","372",0,0
"Australian Greyhound Racing Association",NA,NA,NA,NA,NA,"Business","378",0,0
"Australian Hotels Association National Office",NA,NA,NA,NA,"AHA","Business","395",0,0
"Australian Industry Group",NA,NA,NA,NA,NA,"Business","407",1345,3855
"Australian Institute of Company Directors",NA,NA,NA,NA,NA,"Professional","416",91,1393
"Australian Institute of Credit Management",NA,NA,NA,NA,NA,"Professional","418",2,12
"Australian Institute of Food Science and Technology Inc","Australian Institute of Food Science and Technology",NA,NA,NA,NA,"Professional","420",1,6
"Australian Institute of Landscape Designers and Managers",NA,NA,NA,NA,"AILDM","Professional","429",0,3
"Australian Institute of Packaging Inc","Australian Institute of Packaging",NA,NA,NA,NA,"Professional","436",0,2
"Australian Institute of Professional Photography",NA,NA,NA,NA,NA,"Professional","441",2,14
"Australian Institute of Project Management",NA,NA,NA,NA,NA,"Professional","442",2,14
"Australian Institute of Refrigeration, Air Conditioning and Heating Inc","Australian Institute of Refrigeration, Air Conditioning and Heating",NA,NA,NA,NA,"Business","445",0,1
"Australian Institute of Superannuation Trustees'","Australian Institute of Superannuation Trustees",NA,NA,NA,NA,"Professional","446",107,665
"Australian Institute of Tourism Officers",NA,NA,NA,NA,NA,"Professional","447",0,0
"Australian Investors Association",NA,NA,NA,NA,NA,"Professional","451",1,22
"Australian Karate Federation",NA,NA,NA,NA,"AKF","Business","455",0,0
"Australian Liquor Stores Association","Retail Drinks Australia",NA,NA,NA,NA,"Business","467",19,45
"Australian Marketing Institute",NA,NA,NA,NA,"AMI","Professional","494",1,13
"Australian Music Retailers Association",NA,NA,NA,NA,"AMRA","Business","520",2,6
"Australian Numismatic Society",NA,NA,NA,NA,"ANS","Professional","537",0,0
"Australian Packaging and Processing Machinery Association",NA,NA,NA,NA,"APPMA","Business","549",0,0
"Australian Paint Manufacturers' Federation","Australian Paint Manufacturers Federation",NA,NA,NA,NA,"Business","551",0,0
"Australian Payments Clearing Association","Australian Payments Network",NA,NA,NA,NA,"Business","554",23,174
"Australian Private Equity and Venture Capital Association","Australian Investment Council",NA,NA,NA,NA,"Business","580",17,204
"Australian Professional Footballers' Association","Australian Professional Footballers Association",NA,NA,NA,NA,"Professional","583",0,0
"Australian Professional Rodeo Association",NA,NA,NA,NA,NA,"Business","584",0,1
"Australian Recreational and Sport Fishing Industry Confederation Inc","Australian National Sportfishing Association",NA,NA,NA,"ANSA","Business","596",0,1
"Australian Sales and Marketing Institute","GoSales and Marketing",NA,NA,NA,NA,"Business","612",0,0
"Australian Services Roundtable",NA,NA,NA,NA,"AIPM","Business","621",0,0
"Australian Shareholders' Association","Australian Shareholders Association",NA,NA,NA,NA,"Professional","625",57,323
"Australian Ski Patrol Association Inc","Australian Ski Patrol Association",NA,NA,NA,NA,"Professional","633",0,0
"Australian Society of Association Executives",NA,NA,NA,NA,NA,"Professional","645",0,0
"Australian Sport Aviation Confederation","Air Sport Australia Confederation",NA,NA,NA,NA,"Business","665",0,1
"Welding Technology Institute of Australia","Welding Technology Institute",NA,NA,NA,"SCAA","Business","1686",0,5
"Australian Stainless Steel Development Association",NA,NA,NA,NA,NA,"Business","669",0,0
"Australian Swimming Coaches and Teachers Association",NA,NA,NA,NA,NA,"Professional","675",0,1
"Australian Technical Analysts Association",NA,NA,NA,NA,NA,"Professional","681",0,1
"Australian Technical Millers Association Inc","Australian Technical Millers Association",NA,NA,NA,NA,"Professional","682",0,0
"Australian Tennis Professional Coaches Association Ltd","Australian Tennis Professional Coaches Association",NA,NA,NA,"ATPCA","Professional","684",0,0
"Australian Tourism Export Council",NA,NA,NA,NA,"ATEC","Business","688",48,118
"Australian Toy Association",NA,NA,NA,NA,NA,"Business","689",21,61
"Australian Track and Field Coaches Association",NA,NA,NA,NA,"ATFCA","Professional","690",0,0
"Australian Trainers Association","Australian Trainers' Association",NA,NA,NA,NA,"Professional","693",0,13
"Australian Vending Association",NA,NA,NA,NA,NA,"Business","701",1,1
"Australian Video Rental Retailers Association",NA,NA,NA,NA,NA,"Business","704",0,3
"Australian Volleyball Federation",NA,NA,NA,NA,NA,"Business","708",0,0
"Australian Water Polo","Water Polo Australia",NA,NA,NA,NA,"Business","712",0,14
"Australian Weightlifting Federation",NA,NA,NA,NA,NA,"Business","715",0,0
"Australian Wood Panels Association","Engineered Wood Products Association of Australasia",NA,NA,NA,NA,"Business","725",0,0
"Basketball Australia",NA,NA,NA,NA,NA,"Business","749",3,81
"Blind Manufacturers Association of Australia","Blind Manufacturers Association",NA,NA,NA,"BMAA","Business","765",0,0
"Bulky Goods Retailers Association","Large Format Retail Association",NA,NA,NA,NA,"Business","793",6,31
"Abacus - Australian Mutuals","Customer Owned Banking Association","Abacus",NA,NA,NA,"Business","10541",15,161
"Bushwalking Australia",NA,NA,NA,NA,"BAI","Citizen","796",0,0
"Business and Professional Women Australia",NA,NA,NA,NA,NA,"Citizen","797",0,0
"Business Council of Australia",NA,NA,NA,NA,"BCA","Business","798",1444,5653
"Business Events Council of Australia","Business Events Council",NA,NA,NA,NA,"Business","799",4,12
"Cabinet Makers Association",NA,NA,NA,NA,NA,"Professional","802",0,0
"Carpet Institute of Australia",NA,NA,NA,NA,"CMA","Business","814",3,4
"Cave Divers Association of Australia","Cave Divers Association",NA,NA,NA,NA,"Citizen","820",0,10
"CHOICE","Australian Consumers' Association","Australian Consumers Association",NA,NA,NA,"Citizen","10538",0,0
"Cement Industry Federation",NA,NA,NA,NA,NA,"Business","825",3,8
"Chartered Institute of Management Accountants",NA,NA,NA,NA,NA,"Professional","833",0,3
"Chartered Secretaries Australia","Governance Institute of Australia","Chartered Secretaries","Governance Institute",NA,NA,"Professional","835",16,142
"Mortgage and Finance Association of Australia","Mortgage Industry Association of Australia","Mortgage and Finance Association","Mortgage Industry Association",NA,NA,"Business","10532",38,163
"Club Managers' Association Australia","Club Managers' Association","Club Managers Association Australia","Club Managers Association",NA,NA,"Union","863",0,0
"Commercial Asset Finance Brokers Association of Australia","Commercial Asset Finance Brokers Association",NA,NA,NA,NA,"Professional","867",0,8
"Concrete Institute of Australia","Concrete Institute",NA,NA,NA,"CCF","Business","887",0,0
"Confederation of Australian Sport",NA,NA,NA,NA,"ACGA(NSW)","Business","890",0,0
"Consumer Electronics Suppliers' Association","Consumer Electronics Suppliers Association",NA,NA,NA,"CESA","Professional","897",2,0
"Consumers' Federation of Australia","Consumers' Federation","Consumers Federation of Australia","Consumers Federation",NA,"CFA","Citizen","899",1,12
"Convenience and Mixed Business Association Inc","Convenience and Mixed Business Association",NA,NA,NA,NA,"Business","902",0,0
"Copper Development Centre Australia Ltd","International Copper Association Australia","Copper Development Centre","International Copper Association",NA,NA,"Business","904",0,0
"Corporate Superannuation Association",NA,NA,NA,NA,NA,"Business","907",1,1
"Council of Small Business Organisations of Australia","Council of Small Business Organisations",NA,NA,NA,"COSBOA","Business","916",142,129
"Council of Textile and Fashion Industries of Australia","Council of Textile and Fashion Industries",NA,NA,NA,NA,"Business","917",0,0
"Cricket Australia",NA,NA,NA,NA,NA,"Business","922",85,1107
"Customer Service Institute of Australia","Customer Service Institute",NA,NA,NA,"CSIA","Professional","929",2,3
"Direct Selling Association of Australia","Direct Selling Australia","Direct Selling Association",NA,NA,NA,"Business","956",0,5
"Drycleaning Institute of Australia Ltd","Drycleaning Institute of Australia","Drycleaning Institute",NA,NA,NA,"Business","970",0,0
"Ecotourism Australia",NA,NA,NA,NA,"EA","Hybrid","979",0,0
"Eros Association",NA,NA,NA,NA,NA,"Business","998",2,18
"Meetings and Events Australia","Meetings Industry Association of Australia","Meetings Industry Association",NA,NA,"MEA","Business","10596",0,4
"Exercise and Sports Science Australia",NA,NA,NA,NA,NA,"Professional","1002",0,27
"Facility Management Association of Australia Ltd","Facility Management Association of Australia","Facility Management Association",NA,NA,NA,"Professional","1004",0,0
"Family Business Australia",NA,NA,NA,NA,"FBA","Business","1008",9,48
"Federation of Australian Astrologers Inc","Federation of Australian Astrologers",NA,NA,NA,NA,"Professional","1018",0,0
"Finance and Treasury Association","Australian Corporate Treasury Association",NA,NA,NA,NA,"Professional","1031",0,11
"Finance Brokers Association of Australia","Finance Brokers Association",NA,NA,NA,NA,"Professional","1032",42,132
"Finance Sector Union of Australia","Finance Sector Union",NA,NA,NA,NA,"Union","1033",72,30
"Financial Counselling Australia","Financial Counselling",NA,NA,NA,"FCAN","Professional","1034",207,504
"Financial Planning Association of Australia","Financial Planning Association",NA,NA,NA,NA,"Professional","1035",41,118
"Financial Services Accountants Association",NA,NA,NA,NA,NA,"Professional","1036",0,0
"Financiers Association of Australia Ltd","Financiers Association of Australia","Financiers Association","Financiers' Association of Australia","Financiers' Association",NA,"Professional","1037",0,0
"Financial Services Institute of Australia","Financial Services Institute",NA,NA,NA,NA,"Professional","1038",0,2
"Fitness Australia","AUSactive",NA,NA,NA,NA,"Business","1041",34,123
"Franchise Council of Australia","Franchise Council",NA,NA,NA,NA,"Business","1054",8,206
"Fund Executives Association",NA,NA,NA,NA,NA,"Professional","1065",1,2
"Fundraising Institute Australia","Fundraising Institute",NA,NA,NA,NA,"Professional","1066",8,20
"Furnishing Industry Association of Australia","Australian Cabinet and Furniture Association","Furnishing Industry Association",NA,NA,NA,"Business","1067",0,1
"Galvanizers Association of Australia","Galvanizers Association",NA,NA,NA,NA,"Business","1070",0,0
"Game Developers' Association of Australia","Game Developers' Association","Game Developers Association of Australia","Game Developers Association",NA,NA,"Business","1073",0,1
"Game Fishing Association of Australia","Game Fishing Association",NA,NA,NA,NA,"Citizen","1074",1,1
"Gaming Technologies Association",NA,NA,NA,NA,"GTA","Business","1075",5,22
"Gas Appliance Manufacturers Association of Australia","Gas Appliance Manufacturers Association",NA,NA,NA,NA,"Business","1077",7,11
"Golf Australia",NA,NA,NA,NA,"GA","Business","1093",4,75
"Graphic Arts Merchants Association of Australia Inc","Graphic Arts Merchants Association of Australia","Graphic Arts Merchants Association",NA,NA,NA,"Business","1099",0,0
"Gridiron Australia",NA,NA,NA,NA,NA,"Business","1103",0,1
"Gymnastics Australia",NA,NA,NA,NA,NA,"Business","1108",1,8
"Hair and Beauty Australia",NA,NA,NA,NA,NA,"Business","1112",0,9
"Hairdressing and Beauty Industry Association",NA,NA,NA,NA,NA,"Business","1113",0,2
"Harness Racing Australia",NA,NA,NA,NA,NA,"Business","1116",3,16
"Hire and Rental Industry Association",NA,NA,NA,NA,NA,"Business","1127",1,1
"Hockey Australia",NA,NA,NA,NA,NA,"Business","1131",0,30
"Human Factors and Ergonomics Society of Australia","Human Factors and Ergonomics Society",NA,NA,NA,NA,"Professional","1142",0,0
"Ice Hockey Australia (Australian Ice Hockey Federation Inc)","Ice Hockey Australia","Australian Ice Hockey Federation",NA,NA,NA,"Business","1146",0,1
"Insolvency Practitioners Association of Australia","Australian Restructuring Insolvency and Turnaround Association","Insolvency Practitioners Association",NA,NA,NA,"Professional","1159",0,84
"Institute of Actuaries of Australia","Institute of Actuaries",NA,NA,NA,NA,"Professional","1165",1,5
"Institute of Certified Management Accountants",NA,NA,NA,NA,NA,"Professional","1170",0,7
"Institute of Chartered Accountants in Australia","Chartered Accountants Australia and New Zealand","Institute of Chartered Accountants",NA,NA,NA,"Professional","1171",0,238
"Institute of Internal Auditors Australia","Institute of Internal Auditors",NA,NA,NA,NA,"Professional","1177",2,0
"Institute of Management Consultants",NA,NA,NA,NA,"IMC","Professional","1178",0,0
"Institute of Mercantile Agents Ltd","Institute of Mercantile Agents",NA,NA,NA,NA,"Professional","1179",0,5
"Institute of Public Accountants",NA,NA,NA,NA,NA,"Professional","1181",62,215
"Institution of Chemical Engineers",NA,NA,NA,NA,"IChemE","Professional","1184",0,0
"Insurance Council of Australia","Insurance Council",NA,NA,NA,NA,"Business","1185",245,1387
"Internet Society of Australia","Internet Australia","Internet Society",NA,NA,NA,"Citizen","1189",19,76
"Inventors Association of Australia","Inventors Association",NA,NA,NA,NA,"Professional","1191",0,0
"Jewellers Association of Australia","Jewellers Association",NA,NA,NA,"JAA","Business","1206",0,9
"Label and Tag Manufacturers Association of Australia","Flexible Packaging and Label Manufacturing Association","Label and Tag Manufacturers Association",NA,NA,NA,"Business","1216",0,0
"Liquor Merchants Association of Australia","Liquor Merchants Association",NA,NA,NA,NA,"Business","1231",0,0
"Martial Arts Industry Association",NA,NA,NA,NA,NA,"Business","1246",1,1
"National Amusement Machine Operators Association Ltd","National Amusement Machine Operators Association",NA,NA,NA,NA,"Business","1295",0,0
"National Association of Food Equipment Suppliers Ltd","National Association of Food Equipment Suppliers",NA,NA,NA,NA,"Business","1303",0,0
"National Association of Furniture Agents Inc","National Association of Furniture Agents",NA,NA,NA,NA,"Professional","1304",0,0
"National Association of Retail Grocers of Australia","National Association of Retail Grocers",NA,NA,NA,NA,"Business","1306",0,0
"National Basketball League",NA,NA,NA,NA,NA,"Business","1315",0,144
"National Cleaning Suppliers Association",NA,NA,NA,NA,NA,"Business","1321",0,0
"National Footwear Retailers Association","National Footwear Retailers' Association",NA,NA,NA,"NFRA","Business","1337",0,1
"National Funeral Directors' Association of Australia","National Funeral Directors' Association","National Funeral Directors Association of Australia","National Funeral Directors Association",NA,NA,"Professional","1339",0,0
"National Insurance Brokers Association of Australia","National Insurance Brokers Association",NA,NA,NA,NA,"Professional","1346",3,3
"National Interior Plantscape Association","Interior Plantscape Association",NA,NA,NA,NA,"Business","1347",0,0
"National Precast Concrete Association Australia","National Precast Concrete Association",NA,NA,NA,"tiolPrecast","Business","1351",1,1
"National Product Liability Association","Australian Insurance Law Association",NA,NA,NA,NA,"Business","1352",0,1
"National Retail Association",NA,NA,NA,NA,"NRA","Business","1353",248,562
"National Rifle Association of Australia Ltd","National Rifle Association of Australia","National Rifle Association",NA,NA,NA,"Citizen","1354",0,0
"National Rodeo Council of Australia","National Rodeo Council",NA,NA,NA,NA,"Business","1355",0,0
"National Rugby League",NA,NA,NA,NA,"NRL","Business","1357",11,291
"National Secretariat JCI Australia","JCI Australia","National Secretariat JCI",NA,NA,NA,"Service","1360",0,0
"National Vending Association",NA,NA,NA,NA,NA,"Business","1372",0,2
"Netball Australia",NA,NA,NA,NA,NA,"Business","1379",8,153
"Outdoor Council of Australia","Outdoor Council",NA,NA,NA,"OCA","Professional","1404",0,0
"Outdoor Power Equipment Association Inc","Outdoor Power Equipment Association",NA,NA,NA,NA,"Business","1406",0,0
"Packaging Council of Australia","Packaging Council",NA,NA,NA,"PCA","Business","1412",0,0
"Parks and Leisure Australia","Parks and Leisure",NA,NA,NA,NA,"Business","1418",0,4
"Philanthropy Australia",NA,NA,NA,NA,NA,"Citizen","1427",35,128
"Physical Activity Australia",NA,NA,NA,NA,"ACHPER","Citizen","1429",0,0
"Plastics and Chemicals Industries Association","Chemistry Australia",NA,NA,NA,NA,"Business","1435",15,30
"Print Council of Australia","Print Council",NA,NA,NA,NA,"Professional","1452",0,8
"Professional Golfers Association of Australia Ltd","Professional Golfers Association of Australia","Professional Golfers Association","Professional Golfers' Association of Australia","Professional Golfers' Association",NA,"Professional","1457",0,0
"Professional Tour Guide Association of Australia Inc","Professional Tour Guide Association of Australia","Professional Tour Guide Association",NA,NA,"PTGAA","Professional","1459",0,0
"Public Relations Institute of Australia","Public Relations Institute",NA,NA,NA,"PRIA","Professional","1471",2,32
"Pump Industry Australia Inc","Pump Industry Australia","Pump Industry",NA,NA,"PIA","Business","1476",0,0
"Professional Squash Coaches Association of Australia Inc","Professional Squash Coaches Association of Australia","Professional Squash Coaches Association",NA,NA,NA,"Professional","20157",0,0
"Refrigerants Australia",NA,NA,NA,NA,NA,"Business","1484",0,2
"Restaurant and Catering Australia","Restaurant and Catering",NA,NA,NA,NA,"Business","1495",106,311
"Australian Retailers Association","United Retailers Association",NA,NA,NA,NA,"Business","10682",836,2065
"Safety Institute of Australia","Australian Institute of Health and Safety","Safety Institute",NA,NA,NA,"Professional","1521",0,6
"Self-Managed Super Fund Professionals' Association of Australia","Self Managed Super Fund Association","Self-Managed Super Fund Professionals' Association","Self-Managed Super Fund Professionals Association",NA,NA,"Professional","1540",2,40
"Snow & Outdoor Trade Association","Outdoor Retailer Australia","Snow and Outdoor Trade Association",NA,NA,NA,"Business","1560",0,0
"Society of Consumer Affairs Professionals Australia","Society of Consumer Affairs Professionals",NA,NA,NA,NA,"Professional","1565",0,0
"Specialised Textiles Association",NA,NA,NA,NA,NA,"Business","1573",0,0
"Sporting Shooters Association of Australia","Sporting Shooters Association","Sporting Shooters' Association of Australia","Sporting Shooters' Association",NA,NA,"Citizen","1578",8,58
"Sports Contractors' Association","Sports Contractors Association",NA,NA,NA,NA,"Professional","1579",0,0
"Steel Reinforcement Institute of Australia","Steel Reinforcement Institute",NA,NA,NA,"SRIA","Business","1591",0,0
"Surface Coatings Association Australia","Surface Coatings Association",NA,NA,NA,NA,"Business","1602",0,0
"Surfing Australia",NA,NA,NA,NA,NA,"Business","1603",1,23
"Swimming Australia",NA,NA,NA,NA,NA,"Business","1609",21,135
"Taronga Foundation",NA,NA,NA,NA,NA,"Hybrid","1616",2,0
"Tarot Guild of Australia Inc","Tarot Guild of Australia","Tarot Guild",NA,NA,NA,"Professional","1617",0,0
"Tennis Australia",NA,NA,NA,NA,NA,"Business","1621",31,681
"Textile Institute Inc","Textile Institute",NA,NA,NA,NA,"Business","1625",0,0
"Thoroughbred Breeders Australia","Thoroughbred Breeders",NA,NA,NA,NA,"Business","1645",7,21
"Tourism, Hospitality & Catering Institute of Australia","Catering Institute of Australia","Tourism, Hospitality and Catering Institute","Catering Institute",NA,NA,"Business","1651",0,3
"Tractor and Machinery Association of Australia","Tractor and Machinery Association",NA,NA,NA,NA,"Business","1652",0,0
"Vinyl Council of Australia","Vinyl Council",NA,NA,NA,NA,"Business","1676",0,1
"Watch and Clockmakers of Australia","Watch and Clockmakers",NA,NA,NA,NA,"Professional","1682",0,5
"Australian Sports Organisation for the Disabled Inc","Disability Sports Australia","Australian Sports Organisation for the Disabled","Disability Sports",NA,NA,"Citizen","1688",0,2
"Wildlife Tourism Australia Inc","Wildlife Tourism Australia","Wildlife Tourism",NA,NA,NA,"Business","1692",0,3
"Amnesty International Australia","Amnesty International",NA,NA,NA,NA,"Citizen","10521",269,95
"Vietnam Veterans Association of Australia","Vietnam Veterans Association","Vietnam Veterans' Association of Australia","Vietnam Veterans' Association",NA,NA,"Citizen","10673",20,42
"Association for Children with a Disability",NA,NA,NA,NA,NA,"Citizen","10689",0,7
"Radical Women",NA,NA,NA,NA,NA,"Citizen","10667",0,0
"Chief Executive Women",NA,NA,NA,NA,NA,"Citizen","20095",59,637
"Association of Non-English Speaking Background Women of Australia","Association of Non-English Speaking Background Women",NA,NA,NA,NA,"Citizen","10646",0,0
"Coalition Against Trafficking in Women Australia","Coalition Against Trafficking in Women",NA,NA,NA,NA,"Citizen","10505",0,5
"Abortion Alternatives",NA,NA,NA,NA,NA,"Citizen","10721",0,1
"Family Law Council",NA,NA,NA,NA,NA,"Professional","10630",1,27
"Jewish Care",NA,NA,NA,NA,NA,"Service","10628",2,0
"Antioch",NA,NA,NA,NA,NA,"Service","10642",0,0
"Australian Student Christian Movement",NA,NA,NA,NA,NA,"Service","10555",0,0
"Youth with a Mission",NA,NA,NA,NA,NA,"Service","10736",0,0
"Riding for Disabled Association",NA,NA,NA,NA,NA,"Service","10515",0,0
"Australian Chinese Buddhist Society",NA,NA,NA,NA,NA,"Service","10551",0,0
"Preterm Foundation",NA,NA,NA,NA,NA,"Service","10598",0,0
"Armenian National Committee of Australia","Armenian National Committee",NA,NA,NA,NA,"Citizen","65",0,15
"Atheist Foundation of Australia","Atheist Foundation",NA,NA,NA,NA,"Citizen","104",0,13
"Australia Korean Welfare Association",NA,NA,NA,NA,NA,"Service","122",0,0
"Australian Arabic Council",NA,NA,NA,NA,NA,"Citizen","158",0,2
"Australian Association for Professional and Applied Ethics",NA,NA,NA,NA,NA,"Professional","166",0,1
"Australian Baha'i Community",NA,NA,NA,NA,NA,"Hybrid","191",0,0
"Australian Christian Lobby",NA,NA,NA,NA,NA,"Citizen","245",0,1131
"Australian Federation of Islamic Councils",NA,NA,NA,NA,NA,"Citizen","337",36,252
"Australian Federation of Ukrainian Organisations",NA,NA,NA,NA,NA,"Citizen","343",25,107
"Australian Greek Welfare Society","PRONIA",NA,NA,NA,"PRONIA","Hybrid","375",0,0
"Australian Sikh Association",NA,NA,NA,NA,NA,"Service","630",4,0
"Australian Turkish Association",NA,NA,NA,NA,NA,"Service","696",0,0
"Australian Women's and Gender Studies Association","Australian Womens and Gender Studies Association",NA,NA,NA,NA,"Professional","723",0,0
"Australians for Native Title and Reconciliation",NA,NA,NA,NA,NA,"Citizen","733",0,8
"Baptist Union of Australia","Baptist Union",NA,NA,NA,NA,"Citizen","746",0,1
"Catholic Womens League Australia Inc","Catholic Womens League Australia",NA,NA,NA,NA,"Citizen","818",0,0
"Christian Education National",NA,NA,NA,NA,NA,"Institutional","849",0,1
"Christian Venues Association",NA,NA,NA,NA,"FWAB","Service","850",0,1
"Church Missionary Society",NA,NA,NA,NA,NA,"Citizen","852",0,2
"Citizens Committee on Human Rights",NA,NA,NA,NA,NA,"Citizen","854",0,5
"Civil Liberties Australia",NA,NA,NA,NA,NA,"Citizen","859",13,91
"Country Women's Association of Australia","Country Women's Association","Country Womens Association of Australia","Country Womens Association",NA,NA,"Citizen","920",0,5
"EMILY'S List Australia","EMILYS List Australia","EMILYS List",NA,NA,NA,"Citizen","983",0,6
"Endeavour Forum",NA,NA,NA,NA,NA,"Citizen","986",1,10
"ESTIA Foundation of Australia","ESTIA Foundation",NA,NA,NA,NA,"Service","1000",0,0
"Executive Council of Australian Jewry",NA,NA,NA,NA,"MWA","Citizen","1001",5,772
"Federation of Australian Buddhist Councils",NA,NA,NA,NA,NA,"Citizen","1019",0,3
"Federation of Chinese Associations",NA,NA,NA,NA,NA,"Citizen","1022",0,24
"Federation of Ethnic Communities' Councils of Australia","Federation of Ethnic Communities' Councils","Federation of Ethnic Communities Councils of Australia","Federation of Ethnic Communities Councils",NA,"FECCA","Citizen","1023",3,25
"Hindu Council of Australia","Hindu Council",NA,NA,NA,"IBAQ","Citizen","1126",7,35
"Institute for the Study of Christianity in an Age of Science and Technology",NA,NA,NA,NA,NA,"Professional","1163",0,0
"Knights of the Southern Cross",NA,NA,NA,NA,NA,"Citizen","1213",0,7
"Lebanese Muslim Association",NA,NA,NA,NA,NA,"Hybrid","1222",23,0
"Lesbians Inc","Lesbians",NA,NA,NA,NA,"Service","1225",0,0
"Men's Rights Agency","Mens Rights Agency",NA,NA,NA,NA,"Citizen","1265",0,4
"MensLine Australia",NA,NA,NA,NA,NA,"Service","1266",0,0
"Muslim Aid Australia","MAA International",NA,NA,NA,NA,"Service","1291",0,0
"National Civic Council",NA,NA,NA,NA,NA,"Citizen","1320",0,30
"National Council of Churches in Australia","National Council of Churches",NA,NA,NA,NA,"Institutional","1322",2,10
"National Council of Jewish Women of Australia","National Council of Jewish Women",NA,NA,NA,"ECAJ","Citizen","1323",0,3
"National Council of Women of Australia","National Council of Women",NA,NA,NA,NA,"Citizen","1324",0,3
"National Ethnic and Multicultural Broadcasters Council",NA,NA,NA,NA,"NEMBC","Citizen","1332",0,2
"National Foundation for Australian Women",NA,NA,NA,NA,NA,"Citizen","1338",0,45
"National LGBTI Health Alliance",NA,NA,NA,NA,NA,"Citizen","1348",1,20
"National Woman's Christian Temperance Union","National Womans Christian Temperance Union",NA,NA,NA,NA,"Citizen","1373",0,0
"Oaktree Foundation",NA,NA,NA,NA,NA,"Citizen","1389",0,3
"Older People Speak Out",NA,NA,NA,NA,NA,"Citizen","1392",0,2
"Older Womens Network Australia",NA,NA,NA,NA,NA,"Citizen","1393",0,0
"Pagan Awareness Network Incorporated","Pagan Awareness Network",NA,NA,NA,NA,"Citizen","1413",0,0
"Polish Community Council",NA,NA,NA,NA,NA,"Citizen","1440",0,0
"Project Respect",NA,NA,NA,NA,NA,"Citizen","1461",0,3
"Rationalist Society of Australia","Rationalist Society",NA,NA,NA,NA,"Citizen","1479",0,25
"Right to Life Australia","Right to Life",NA,NA,NA,NA,"Citizen","1501",3,18
"The Foundation for Young Australians","Foundation for Young Australians",NA,NA,NA,NA,"Citizen","1636",18,173
"National Seniors Australia","National Seniors Association",NA,NA,NA,NA,"Citizen","10688",181,362
"Try Australia","Sparkways",NA,NA,NA,NA,"Service","1657",0,0
"Union of Australian Women",NA,NA,NA,NA,NA,"Citizen","1661",0,5
"Women and the Australian Church",NA,NA,NA,NA,"WATAC","Citizen","1699",0,1
"YMCA Australia","YMCA",NA,NA,NA,NA,"Service","1712",33,0
"Young Australia League",NA,NA,NA,NA,NA,"Service","1713",0,0
"Zionist Federation of Australia","Zionist Federation",NA,NA,NA,"ZFA","Citizen","1717",72,219
"Housing Industry Association",NA,NA,NA,NA,NA,"Business","1140",481,1873
"Able Australia",NA,NA,NA,NA,NA,"Service","3",8,0
"Amorphous Silica Association of Australia","Amorphous Silica Association",NA,NA,NA,NA,"Business","48",0,0
"Architectural Door Hardware Association",NA,NA,NA,NA,NA,"Business","63",0,0
"Association of Australian Acoustical Consultants",NA,NA,NA,NA,NA,"Professional","79",0,1
"Association of Consulting Architects",NA,NA,NA,NA,NA,"Professional","83",2,11
"Association of Hydraulic Services Consultants Australia Inc","Association of Hydraulic Services Consultants Australia","Association of Hydraulic Services Consultants",NA,NA,NA,"Professional","88",0,0
"Auctioneers and Valuers Association of Australia","Auctioneers and Valuers Association",NA,NA,NA,NA,"Business","106",0,1
"Australian Asphalt Pavement Association",NA,NA,NA,NA,NA,"Business","160",0,2
"Australian Constructors Association",NA,NA,NA,NA,"AAPA","Business","270",41,133
"Australian Institute of Architects",NA,NA,NA,NA,NA,"Professional","413",16,706
"Australian Institute of Building",NA,NA,NA,NA,NA,"Professional","414",1,70
"Australian Institute of Building Surveyors",NA,NA,NA,NA,NA,"Professional","415",18,61
"Australian Institute of Conveyancers",NA,NA,NA,NA,NA,"Professional","417",7,45
"Australian Institute of Quantity Surveyors",NA,NA,NA,NA,"AIBS","Professional","443",6,17
"Australian Property Institute",NA,NA,NA,NA,NA,"Professional","586",5,73
"Australian Renderers' Association","Australian Renderers Association",NA,NA,NA,NA,"Business","599",1,0
"Australian Stabilisation Industry Association",NA,NA,NA,NA,"AustStab","Business","668",0,0
"Australian Window Association",NA,NA,NA,NA,"AWA","Business","718",2,4
"Building Service Contractors Association of Australia Inc","Building Service Contractors Association of Australia","Building Service Contractors Association",NA,NA,NA,"Business","792",0,1
"Chartered Institution of Building Services Engineers",NA,NA,NA,NA,"CIBSE","Professional","834",0,1
"Civil Contractors Federation",NA,NA,NA,NA,NA,"Business","858",57,230
"Community Housing Federation of Australia","Community Housing Industry Association","Community Housing Federation",NA,NA,NA,"Institutional","881",34,127
"Concrete Masonry Association of Australia","Concrete Masonry Association",NA,NA,NA,NA,"Business","888",0,0
"Construction, Forestry, Mining and Energy Union",NA,NA,NA,NA,NA,"Union","894",16,600
"Consult Australia",NA,NA,NA,NA,"IESANZ","Business","896",11,58
"CSR and Holcim Staff Association","Salaried Staff United",NA,NA,NA,NA,"Union","927",0,0
"Custom Electronic Design & Installation Association","Custom Electronic Design and Installation Association",NA,NA,NA,"CEDIA","Business","928",0,0
"Electrical Trades Union",NA,NA,NA,NA,"CFMEU","Union","982",148,1048
"Habitat for Humanity Australia","Habitat for Humanity",NA,NA,NA,NA,"Service","1110",0,0
"Heating and Cooling Alliance of Australia","Heating and Cooling Alliance",NA,NA,NA,NA,"Business","1121",0,0
"Homelessness Australia",NA,NA,NA,NA,NA,"Citizen","1135",12,109
"Institute of Australian Geographers",NA,NA,NA,NA,"IAG","Professional","1168",1,2
"Institute of Public Works Engineering Australia","Institute of Public Works Engineering Australasia",NA,NA,NA,NA,"Professional","1183",0,10
"Lighting Council Australia","Lighting Council",NA,NA,NA,"ECA","Business","1230",2,7
"Mapping Sciences Institute",NA,NA,NA,NA,"MSIA","Professional","1242",0,0
"Master Builders Australia",NA,NA,NA,NA,NA,"Business","1247",143,825
"Master Plumbers and Mechanical Services Association of Australia","Master Plumbers and Mechanical Services Association",NA,NA,NA,NA,"Business","1250",0,1
"Metal Roofing & Wall Cladding Association","Metal Roofing and Wall Cladding Association",NA,NA,NA,NA,"Business","1269",0,0
"National Association of Women in Construction",NA,NA,NA,NA,NA,"Professional","1310",3,24
"National Electrical and Communications Association",NA,NA,NA,NA,"NECA","Business","1328",36,100
"Planning Institute Australia","Planning Institute",NA,NA,NA,NA,"Professional","1434",5,9
"Property Council of Australia",NA,NA,NA,NA,"PCA","Business","1462",399,2079
"Property Funds Association of Australia","Property Funds Association",NA,NA,NA,NA,"Business","1463",1,0
"Property Investors Association of Australia","Property Investors Association",NA,NA,NA,"PIAA","Professional","1464",0,0
"Real Estate Institute of Australia","Real Estate Institute",NA,NA,NA,NA,"Professional","1480",754,457
"Society for Responsible Design",NA,NA,NA,NA,NA,"Hybrid","1563",0,0
"Spatial Industries Business Association",NA,NA,NA,NA,NA,"Business","1571",0,3
"Surveying and Spatial Sciences Institute",NA,NA,NA,NA,"SSSI","Professional","1604",0,3
"The Crane Industry Council of Australia","Crane Industry Council of Australia","Crane Industry Council",NA,NA,NA,"Business","1633",1,1
"The Myer Foundation","Myer Foundation",NA,NA,NA,NA,"Service","1637",7,0
"The Window Coverings Association of Australia","Window Coverings Association of Australia","Window Coverings Association",NA,NA,NA,"Business","1644",0,0
"Timber and Building Materials Association Aust Ltd","Timber and Building Materials Association",NA,NA,NA,NA,"Business","1646",0,0
"Urban Development Institute of Australia","Urban Development Institute",NA,NA,NA,NA,"Business","1670",160,851
"Australian Federation of Totally and Permanently Incapacitated Ex Servicemen and Women","Australian Federation of Totally and Permanently Apacitated Ex Servicemen and Women",NA,NA,NA,NA,"Professional","341",0,0
"Australian Industry and Defence Network",NA,NA,NA,NA,NA,"Business","405",13,62
"Australian Institute of Professional Intelligence Officers",NA,NA,NA,NA,NA,"Professional","440",0,0
"Defence Force Welfare Association",NA,NA,NA,NA,NA,"Professional","947",1,23
"Legacy Australia",NA,NA,NA,NA,NA,"Hybrid","1223",2,0
"Naval Association of Australia","Naval Association",NA,NA,NA,NA,"Citizen","1376",2,25
"Navy League of Australia","Navy League",NA,NA,NA,NA,"Citizen","1378",0,0
"Returned and Services League of Australia","Returned and Services League",NA,NA,NA,NA,"Citizen","1498",0,28
"Royal Australian Regiment Association",NA,NA,NA,NA,NA,"Service","1512",1,0
"Royal Australian Armoured Corps Association",NA,NA,NA,NA,NA,"Citizen","10522",0,1
"Graduate Career Australia",NA,NA,NA,NA,NA,"Business","10611",0,0
"Australian Harness Racing Council",NA,NA,NA,NA,NA,"Business","10619",0,0
"Community Early Learning Australia","Community Early Learning",NA,NA,NA,NA,"Business","10550",0,16
"Australian Sign and Graphics Association",NA,NA,NA,NA,"DSAA","Business","20077",0,0
"Australian Society for Quality",NA,NA,NA,NA,NA,"Business","10677",0,0
"Baltic Council of Australia","Baltic Council",NA,NA,NA,NA,"Citizen","10530",0,0
"Australia-Britain Society","Australia Britain Society",NA,NA,NA,NA,"Citizen","10536",0,1
"Italian Australian Institute",NA,NA,NA,NA,NA,"Citizen","10568",0,0
"Australian Cinematographers Society",NA,NA,NA,NA,NA,"Professional","10557",0,19
"Australian and New Zealand Sports Law Association",NA,NA,NA,NA,"ANZSLA","Professional","20055",0,1
"Australasian Strength and Conditioning Association",NA,NA,NA,NA,NA,"Professional","20042",0,0
"Australian Institute of Professional Counsellors",NA,NA,NA,NA,NA,"Professional","10564",2,3
"Association of Principals of Catholic Secondary Schools of Australia",NA,NA,NA,NA,NA,"Professional","10617",0,0
"Medical Deans Australia and New Zealand",NA,NA,NA,NA,"PMCQ","Professional","20139",0,11
"Learning Links",NA,NA,NA,NA,NA,"Service","10583",0,0
"African Studies Association of Australasia and the Pacific",NA,NA,NA,NA,NA,"Service","10608",0,0
"Cretan Federation of Australia and New Zealand",NA,NA,NA,NA,NA,"Service","10615",0,0
"Turkish Islamic Association",NA,NA,NA,NA,NA,"Service","10554",0,0
"Adult Learning Australia","Adult Learning",NA,NA,NA,NA,"Citizen","13",1,5
"Arts Access Australia",NA,NA,NA,NA,NA,"Citizen","67",1,8
"Association for Tertiary Education Management",NA,NA,NA,NA,NA,"Professional","76",1,2
"Association of Australian Convention Bureaux",NA,NA,NA,NA,"AACB","Business","80",4,7
"Association of Feng Shui Consultants",NA,NA,NA,NA,NA,"Professional","84",0,0
"Association of Heads of Independent Schools of Australia","Association of Heads of Independent Schools",NA,NA,NA,NA,"Professional","86",8,56
"Association of Women Educators",NA,NA,NA,NA,NA,"Professional","100",0,0
"Assyrian Australian Association",NA,NA,NA,NA,NA,"Citizen","101",1,3
"Ausglass",NA,NA,NA,NA,NA,"Professional","110",0,2
"Australian Antique and Art Dealers Association",NA,NA,NA,NA,NA,"Business","157",0,4
"Australian Association for Research in Education",NA,NA,NA,NA,NA,"Professional","167",0,7
"Australian Association for the Teaching of English",NA,NA,NA,NA,NA,"Professional","168",0,40
"Australian Association of Mathematics Teachers",NA,NA,NA,NA,NA,"Professional","178",11,26
"Australian Association of Musical Instrument Makers Inc","Australian Association of Musical Instrument Makers",NA,NA,NA,NA,"Professional","179",0,0
"Australian Association of Special Education",NA,NA,NA,NA,NA,"Hybrid","183",1,0
"Australian Band and Orchestra Directors' Association",NA,NA,NA,NA,NA,"Professional","196",0,1
"Australian Bowhunters Association",NA,NA,NA,NA,NA,"Citizen","209",0,0
"Australian Ceramics Association",NA,NA,NA,NA,NA,"Professional","236",0,3
"Australian Christian Forum on Education Inc","Australian Christian Forum on Education",NA,NA,NA,NA,"Professional","244",0,0
"Australian College of Educators",NA,NA,NA,NA,NA,"Professional","252",1,41
"Australian Commercial Galleries Association",NA,NA,NA,NA,NA,"Business","260",0,3
"Australian Council for Adult Literacy",NA,NA,NA,NA,NA,"Citizen","275",0,2
"Australian Council for Educational Leaders",NA,NA,NA,NA,NA,"Professional","277",0,15
"Australian Council for Private Education and Training",NA,NA,NA,NA,"ACPET","Business","279",9,79
"Australian Council of National Trusts",NA,NA,NA,NA,"ACNT","Citizen","281",1,5
"Australian Council of State School Organisations",NA,NA,NA,NA,NA,"Institutional","283",4,29
"Australian Council of TESOL Associations",NA,NA,NA,NA,NA,"Professional","286",0,0
"Australian Curriculum Studies Association",NA,NA,NA,NA,NA,"Professional","296",0,15
"Australian Dance Council",NA,NA,NA,NA,NA,"Professional","300",0,2
"Australian Education Union",NA,NA,NA,NA,"AEU","Union","318",708,2099
"Australian Federation of Civil Celebrants",NA,NA,NA,NA,NA,"Professional","333",2,8
"Australian Federation of Graduate Women Inc","Australian Federation of Graduate Women",NA,NA,NA,NA,"Citizen","336",0,2
"Australian Federation of Modern Language Teachers Associations",NA,NA,NA,NA,NA,"Professional","340",1,3
"Australian Garden History Society",NA,NA,NA,NA,NA,"Citizen","363",1,44
"Australian Geography Teachers' Association","Australian Geography Teachers Association",NA,NA,NA,NA,"Professional","367",0,0
"Australian Graphic Design Association",NA,NA,NA,NA,"AGDA","Business","374",1,10
"Australian Guild of Music Education",NA,NA,NA,NA,NA,"Professional","380",0,3
"Australian Higher Education Industrial Association",NA,NA,NA,NA,NA,"Institutional","388",4,41
"Australian Historical Association",NA,NA,NA,NA,"AHA","Professional","390",3,29
"Australian Humanists (Council of Australian Humanist Societies)","Council of Australian Humanist Societies","Australian Humanists",NA,NA,NA,"Professional","397",0,0
"Australian Institute for the Conservation of Cultural Material",NA,NA,NA,NA,NA,"Professional","409",0,0
"Australian Institute of Genealogical Studies Inc","Australian Institute of Genealogical Studies",NA,NA,NA,NA,"Professional","421",0,0
"Australian Institute of Interpreters and Translators",NA,NA,NA,NA,NA,"Professional","425",0,0
"Australian Commercial and Media Photographers Association",NA,NA,NA,NA,NA,"Professional","20060",0,1
"Australian Institute of Training and Development",NA,NA,NA,NA,NA,"Professional","448",0,0
"Australian Library and Information Association",NA,NA,NA,NA,NA,"Professional","464",8,46
"Australian Literacy Educators' Association","Australian Literacy Educators Association",NA,NA,NA,NA,"Professional","469",0,1
"Australian Medical Students' Association","Australian Medical Students Association",NA,NA,NA,NA,"Professional","501",3,9
"Australian Music Association",NA,NA,NA,NA,NA,"Business","517",2,7
"Australian Music Centre",NA,NA,NA,NA,NA,"Professional","518",0,15
"Australian National Association of Teachers of Singing",NA,NA,NA,NA,NA,"Professional","523",0,0
"Australian Performing Arts Centre Association","Performing Arts Connections Australia",NA,NA,NA,NA,"Business","557",0,0
"Australian Primary Principals Association",NA,NA,NA,NA,NA,"Professional","579",53,154
"Australian Professional Teachers' Associations","Australian Professional Teachers Associations",NA,NA,NA,NA,"Professional","585",0,0
"Australian Rock Art Research Association Inc","Australian Rock Art Research Association",NA,NA,NA,NA,"Professional","608",0,1
"Australian Science Teachers Association",NA,NA,NA,NA,NA,"Professional","614",2,21
"Australian Secondary Principals Association",NA,NA,NA,NA,NA,"Professional","616",21,56
"Australian Society for Music Education",NA,NA,NA,NA,NA,"Professional","641",1,2
"Australian Society of Archivists",NA,NA,NA,NA,NA,"Professional","644",1,13
"Australian Society of Authors",NA,NA,NA,NA,NA,"Professional","646",1,76
"Australian Songwriters Association",NA,NA,NA,NA,NA,"Professional","660",0,8
"Australian Teachers of Media",NA,NA,NA,NA,NA,"Professional","680",0,6
"Australian Tutoring Association",NA,NA,NA,NA,NA,"Professional","698",67,120
"Australian University Sport","Unisport Australia",NA,NA,NA,NA,"Institutional","699",0,1
"Australian Vocational Education and Training Research Association",NA,NA,NA,NA,"AVETRA","Professional","706",0,1
"Australian Voice Association",NA,NA,NA,NA,NA,"Professional","707",0,1
"Australian Writers' Guild","Australian Writers Guild",NA,NA,NA,NA,"Professional","728",1,34
"Blind Sports Australia",NA,NA,NA,NA,NA,"Citizen","766",0,0
"Career Development Association of Australia",NA,NA,NA,NA,"GMAA","Professional","810",70,143
"Catholic Secondary Principals Australia","Catholic Secondary Principals",NA,NA,NA,NA,"Professional","816",3,7
"Circus Federation of Australia","Circus Federation",NA,NA,NA,NA,"Business","853",1,2
"Community Colleges Australia",NA,NA,NA,NA,NA,"Institutional","880",0,4
"Contemporary Sculptors Association",NA,NA,NA,NA,NA,"Professional","900",0,0
"Council of Australian Postgraduate Associations",NA,NA,NA,NA,NA,"Professional","912",1,25
"Council of Australian University Librarians",NA,NA,NA,NA,NA,"Professional","914",0,4
"Country Music Association of Australia","Country Music Association",NA,NA,NA,NA,"Business","919",3,15
"CREATE Foundation",NA,NA,NA,NA,NA,"Citizen","921",10,48
"Deaf Sports Australia","Deaf Sports",NA,NA,NA,NA,"Hybrid","943",0,0
"Decoupage Guild Australia Inc","Decoupage Guild Australia","Decoupage Guild",NA,NA,NA,"Professional","945",0,0
"Design Institute of Australia",NA,NA,NA,NA,NA,"Professional","952",2,53
"Bush Heritage Australia","Australian Bush Heritage Fund","Bush Heritage",NA,NA,NA,"Hybrid","10561",0,0
"Drama Australia - The National Association for Drama Education Inc","Drama Australia - The National Association for Drama Education","The National Association for Drama Education",NA,NA,NA,"Professional","968",0,0
"Early Childhood Australia",NA,NA,NA,NA,NA,"Citizen","973",80,344
"Early Childhood Intervention Australia","Reimagine",NA,NA,NA,NA,"Citizen","974",0,0
"Early Childhood Teachers' Association","Early Childhood Teachers Association",NA,NA,NA,NA,"Professional","975",0,0
"Education Plus",NA,NA,NA,NA,NA,"Professional","980",0,6
"English Australia",NA,NA,NA,NA,NA,"Business","993",0,41
"Federal Association of Teachers of Dancing Ltd","Federal Association of Teachers of Dancing",NA,NA,NA,NA,"Professional","1014",0,0
"Federation of Australian Historical Societies",NA,NA,NA,NA,NA,"Citizen","1020",0,5
"Folk Alliance Australia","Folk Alliance",NA,NA,NA,NA,"Citizen","1045",0,5
"Friends of Libraries Australia Inc","Friends of Libraries Australia","Friends of Libraries",NA,NA,NA,"Citizen","1060",0,1
"Graduate Management Association of Australia","Graduate Management Association",NA,NA,NA,NA,"Professional","1095",0,0
"Group Training Australia","National Apprentice Employment Network",NA,NA,NA,"JCIA","Professional","1104",26,44
"Guiding Organisations Australia","Guiding Organisations",NA,NA,NA,"GOA","Professional","1106",0,0
"Higher Education Research and Development Organisation of Australia","Higher Education Research and Development Organisation",NA,NA,NA,NA,"Professional","1125",0,0
"History Teachers' Association of Australia","History Teachers' Association","History Teachers Association of Australia","History Teachers Association",NA,NA,"Professional","1130",0,3
"Home Economics Institute of Australia","Home Economics Institute",NA,NA,NA,NA,"Professional","1133",0,4
"Illustrators Australia",NA,NA,NA,NA,NA,"Professional","1150",0,0
"Independent Schools Council of Australia","Independent Schools Australia","Independent Schools Council",NA,NA,NA,"Institutional","1156",44,198
"Interpretation Australia Association",NA,NA,NA,NA,"IA","Professional","1190",0,0
"Learning Assistance Programme Association Inc","Learning Assistance Programme Association",NA,NA,NA,NA,"Professional","1221",0,0
"Live Performance Australia",NA,NA,NA,NA,"LPA","Business","1232",58,255
"Museums Australia","Australian Museums and Galleries Association",NA,NA,NA,NA,"Business","1287",10,20
"Music Council of Australia","Music Australia",NA,NA,NA,NA,"Business","1288",3,328
"Musicians Union of Australia","Musicians Union",NA,NA,NA,NA,"Union","1289",2,4
"National Association for the Visual Arts",NA,NA,NA,NA,NA,"Business","1300",16,94
"National Catholic Education Commission",NA,NA,NA,NA,NA,"Institutional","1318",59,269
"National Out of School Hours Services Association",NA,NA,NA,NA,NA,"Institutional","1349",0,1
"National Tertiary Education Union",NA,NA,NA,NA,"NTEU","Union","1368",227,954
"National Union of Students",NA,NA,NA,NA,NA,"Union","1370",52,244
"Organ Historical Trust of Australia","Organ Historical Trust",NA,NA,NA,NA,"Hybrid","1398",0,0
"Playgroup Australia",NA,NA,NA,NA,NA,"Citizen","1436",6,16
"Primary English Teachers Association Australia","Primary English Teachers Association",NA,NA,NA,NA,"Professional","1450",0,0
"Romance Writers of Australia","Romance Writers",NA,NA,NA,NA,"Professional","1505",0,14
"Sculptors Society",NA,NA,NA,NA,NA,"Professional","1535",0,0
"Sisters in Crime",NA,NA,NA,NA,NA,"Professional","1555",0,41
"Universities Australia",NA,NA,NA,NA,NA,"Institutional","1668",369,1542
"University Colleges Australia",NA,NA,NA,NA,NA,"Institutional","1669",0,0
"Women in Adult & Vocational Education","Women in Adult and Vocational Education",NA,NA,NA,NA,"Professional","1700",0,1
"AMPLA","Energy and Resources Law Association",NA,NA,NA,NA,"Business","49",0,0
"Ash Development Association of Australia","Ash Development Association",NA,NA,NA,"ADAA","Business","72",0,0
"Association of Mining Exploration Companies",NA,NA,NA,NA,NA,"Business","92",0,0
"Australian Aluminium Council",NA,NA,NA,NA,"ASSDA","Business","152",24,70
"Australian Coal Association",NA,NA,NA,NA,NA,"Business","248",0,38
"Austmine",NA,NA,NA,NA,NA,"Business","20010",0,12
"Australian Drilling Industry Association",NA,NA,NA,NA,NA,"Business","314",3,4
"Australian Drilling Industry Training Committee Ltd","Australian Drilling Industry Training Committee",NA,NA,NA,NA,"Professional","315",0,0
"Australian Gas Association",NA,NA,NA,NA,"AGA","Business","365",1,3
"Australian Institute of Energy",NA,NA,NA,NA,NA,"Professional","419",1,11
"Australian Institute of Petroleum",NA,NA,NA,NA,NA,"Business","437",17,258
"Australian Liquefied Petroleum Gas Association (t/a LPG Australia)","Gas Energy Australia","Australian Liquefied Petroleum Gas Association","LPG Australia",NA,NA,"Business","466",13,54
"Australian Mines and Metals Association","Australian Resources and Energy Employer Association",NA,NA,NA,NA,"Business","508",111,310
"Australian Petroleum Production and Exploration Association",NA,NA,NA,NA,NA,"Business","558",128,900
"Australian Pipeline Industry Association","Australian Pipelines and Gas Association",NA,NA,NA,NA,"Business","566",29,75
"Australian Steel Institute",NA,NA,NA,NA,NA,"Business","670",7,28
"Biofuels Association of Australia","Bioenergy Australia","Biofuels Association",NA,NA,NA,"Business","760",33,53
"Clean Energy Council",NA,NA,NA,NA,NA,"Business","860",189,834
"Construction and Mining Equipment Industry Group Inc","Construction and Mining Equipment Industry Group",NA,NA,NA,NA,"Business","893",0,0
"Energy Networks Association","Energy Networks Australia",NA,NA,NA,NA,"Business","989",44,213
"Energy Retailers Association of Australia","Australian Energy Council","Energy Retailers Association",NA,NA,NA,"Business","991",213,817
"Energy Supply Association of Australia","Energy Supply Association",NA,NA,NA,NA,"Business","990",0,0
"Mine Managers' Association of Australia Inc","Mine Managers' Association of Australia","Mine Managers' Association","Mine Managers Association of Australia","Mine Managers Association",NA,"Professional","1274",0,0
"Minerals Council of Australia","Minerals Council",NA,NA,NA,"MCA","Business","1275",598,1715
"Resources RTO","Resources Industry Skills Association",NA,NA,NA,NA,"Business","1494",0,0
"Australasian Convenience and Petroleum Marketers Association",NA,NA,NA,NA,"ACAPMA","Business","20018",5,105
"Australian Petroleum Agents and Distributors Association",NA,NA,NA,NA,NA,"Business","10580",0,0
"Business Council for Sustainable Energy Australia",NA,NA,NA,NA,NA,"Business","10586",0,0
"Energy Users Association of Australia","Energy Users Association",NA,NA,NA,"GAMAA","Business","20106",84,266
"Air Pollution Control Equipment Manufacturers Association",NA,NA,NA,NA,"AME","Business","32",0,0
"Australian Conservation Foundation",NA,NA,NA,NA,NA,"Citizen","269",207,1184
"Australian Coral Reef Society",NA,NA,NA,NA,NA,"Citizen","272",0,2
"Australian Environmental Pest Managers Association",NA,NA,NA,NA,NA,"Professional","323",1,5
"Australian Industry Greenhouse Network",NA,NA,NA,NA,NA,"Business","406",0,26
"Australian Koala Foundation",NA,NA,NA,NA,NA,"Citizen","458",3,60
"Australian Marine Conservation Society",NA,NA,NA,NA,NA,"Citizen","489",40,255
"Australian Rainforest Conservation Society",NA,NA,NA,NA,NA,"Citizen","594",0,1
"Australian Wildlife Protection Council",NA,NA,NA,NA,NA,"Citizen","717",2,3
"Butterfly Foundation",NA,NA,NA,NA,NA,"Hybrid","801",81,0
"Clean Up Australia",NA,NA,NA,NA,NA,"Hybrid","861",25,0
"Colong Foundation for Wilderness","Wilderness Australia",NA,NA,NA,NA,"Citizen","866",1,44
"Conservation Volunteers Australia","Conservation Volunteers",NA,NA,NA,NA,"Service","892",11,0
"Ecological Society of Australia Inc","Ecological Society of Australia","Ecological Society",NA,NA,NA,"Professional","977",1,9
"Foundation for Australia's Most Endangered Species","Foundation for Australias Most Endangered Species",NA,NA,NA,NA,"Citizen","1052",0,0
"Foundation for National Parks and Wildlife",NA,NA,NA,NA,NA,"Service","1053",0,0
"Friends of the Earth",NA,NA,NA,NA,NA,"Citizen","1062",20,297
"Greening Australia",NA,NA,NA,NA,NA,"Citizen","1102",23,130
"Institute of Australian Consulting Arborists",NA,NA,NA,NA,NA,"Professional","1167",0,0
"JNF Environmental Association of Australia Inc","JNF Environmental Association of Australia","JNF Environmental Association",NA,NA,NA,"Service","1207",0,0
"Marine and Coastal Community Network",NA,NA,NA,NA,NA,"Citizen","1243",0,0
"National Environmental Law Association",NA,NA,NA,NA,NA,"Professional","1331",0,2
"OceanWatch Australia",NA,NA,NA,NA,NA,"Hybrid","1391",0,0
"Sustainable Business Australia","Business Council for Sustainable Development Australia","Business Council for Sustainable Development",NA,NA,NA,"Business","1605",2,10
"Sustainable Living Foundation",NA,NA,NA,NA,NA,"Service","1606",0,0
"Sustainable Population Australia","Sustainable Population",NA,NA,NA,NA,"Citizen","1607",6,40
"Total Environment Centre",NA,NA,NA,NA,NA,"Citizen","1649",16,95
"Wilderness Society",NA,NA,NA,NA,NA,"Citizen","1691",184,782
"World Wildlife Fund Australia","World Wildlife Fund",NA,NA,NA,"WWF","Citizen","1709",22,36
"Beverage Industry Environment Council",NA,NA,NA,NA,NA,"Business","10678",0,0
"Timber Promotion Council",NA,NA,NA,NA,NA,"Business","10712",0,0
"Australasian (Iron and Steel) Slag Association",NA,NA,NA,NA,NA,"Business","20011",0,0
"Australian Environment Business Network",NA,NA,NA,NA,NA,"Business","10587",0,0
"Greenpeace",NA,NA,NA,NA,NA,"Citizen","10762",204,983
"Australians for Animals",NA,NA,NA,NA,NA,"Citizen","10744",0,3
"Alliance for a Clean Environment",NA,NA,NA,NA,NA,"Citizen","10585",0,3
"World Animal Protection",NA,NA,NA,NA,NA,"Citizen","10735",28,73
"Clean Air Society of Australia and New Zealand",NA,NA,NA,NA,NA,"Professional","10700",0,1
"Environment Institute of Australia and New Zealand",NA,NA,NA,NA,NA,"Professional","10588",0,1
"Australia New Zealand Society for Ecological Economics",NA,NA,NA,NA,NA,"Professional","10573",0,0
"Gould League",NA,NA,NA,NA,NA,"Service","10590",0,0
"International Crocodile Rescue",NA,NA,NA,NA,NA,"Service","10591",0,0
"Ethical Investment Association",NA,NA,NA,NA,NA,"Business","10749",0,0
"Asset Management Council",NA,NA,NA,NA,NA,"Business","20003",0,1
"FINSIA",NA,NA,NA,NA,NA,"Business","10695",8,103
"Financial Services Consumer Policy Centre",NA,NA,NA,NA,NA,"Citizen","10565",0,0
"Australian and New Zealand Institute of Insurance and Finance",NA,NA,NA,NA,NA,"Professional","10747",0,6
"Institute of Public Accounts",NA,NA,NA,NA,NA,"Professional","10603",0,0
"Aboriginal & Torres Strait Islander Library & Information Resource Network Inc","Aboriginal and Torres Strait Islander Library and Information Resource Network",NA,NA,NA,NA,"Citizen","4",0,0
"Aboriginal Children's Advancement Society","Aboriginal Childrens Advancement Society",NA,NA,NA,NA,"Service","5",0,0
"Australian Indigenous Art Trade Association","Aboriginal Art Association of Australia",NA,NA,NA,NA,"Professional","400",0,4
"Australian Indigenous Communications Association","First Nations Media Australia",NA,NA,NA,NA,"Business","401",1,9
"Australian Indigenous Doctors' Association","Australian Indigenous Doctors Association",NA,NA,NA,NA,"Professional","402",0,2
"Australian Indigenous Leadership Centre",NA,NA,NA,NA,"AEC","Service","403",0,0
"Institute for Aboriginal Development",NA,NA,NA,NA,NA,"Citizen","10502",0,4
"National Indigenous Arts Advocacy Association",NA,NA,NA,NA,NA,"Citizen","10504",0,0
"ActionAid Australia","ActionAid",NA,NA,NA,NA,"Citizen","11",5,11
"American Chamber of Commerce in Australia",NA,NA,NA,NA,"AABC","Business","46",0,180
"Australia Africa Business Council",NA,NA,NA,NA,NA,"Business","115",0,0
"Australia Arab Chamber of Commerce and Industry",NA,NA,NA,NA,NA,"Business","116",0,0
"Australia China Business Council",NA,NA,NA,NA,"ACBC","Business","118",69,443
"Australia India Business Council",NA,NA,NA,NA,NA,"Business","121",2,40
"Australia Tibet Council",NA,NA,NA,NA,NA,"Citizen","125",0,7
"Australia-Brazil Chamber of Commerce Inc","Australia-Brazil Chamber of Commerce","Australia Brazil Chamber of Commerce Inc",NA,NA,NA,"Business","128",0,0
"Australia-Fiji Business Council",NA,"Australia Fiji Business Council",NA,NA,NA,"Business","129",0,1
"Australia-Hungary Chamber of Commerce & Industry","Australia-Hungary Chamber of Commerce and Industry","Australia Hungary Chamber of Commerce & Industry",NA,NA,NA,"Business","130",0,0
"Australia-Israel Chamber of Commerce",NA,"Australia Israel Chamber of Commerce",NA,NA,NA,"Business","131",0,207
"Australia-Japan Business Cooperation Committee",NA,"Australia Japan Business Cooperation Committee",NA,NA,NA,"Business","132",0,1
"Australia-Latin America Business Council",NA,"Australia Latin America Business Council",NA,NA,NA,"Business","133",0,3
"Australia-Malaysia Business Council",NA,"Australia Malaysia Business Council",NA,NA,NA,"Business","134",0,0
"Australia-Papua New Guinea Business Council",NA,"Australia Papua New Guinea Business Council",NA,NA,NA,"Business","135",0,2
"Australia-Philippines Business Council",NA,"Australia Philippines Business Council",NA,NA,NA,"Business","136",0,0
"Australia-Singapore Chamber of Commerce and Industry",NA,"Australia Singapore Chamber of Commerce and Industry",NA,NA,NA,"Business","137",0,0
"Australia-Taiwan Business Council",NA,"Australia Taiwan Business Council",NA,NA,NA,"Business","138",0,10
"Australia-Thailand Business Council",NA,"Australia Thailand Business Council",NA,NA,NA,"Business","139",0,0
"Australia:Israel and Jewish Affairs Council","Australia Israel and Jewish Affairs Council",NA,NA,NA,NA,"Citizen","140",0,38
"Australian British Chamber of Commerce",NA,NA,NA,NA,NA,"Business","216",3,99
"Australian German Association",NA,NA,NA,NA,NA,"Business","369",0,1
"Export Council of Australia","Australian Institute of Export",NA,NA,NA,NA,"Business","10597",11,58
"Canadian Australian Chamber of Commerce",NA,NA,NA,NA,NA,"Business","804",0,0
"French Australian Chamber of Commerce and Industry",NA,NA,NA,NA,"FACCI","Business","1059",0,5
"German Australian Chamber of Industry and Commerce",NA,NA,NA,NA,NA,"Business","1083",0,0
"Hong Kong Australia Business Association",NA,NA,NA,NA,NA,"Business","1137",0,7
"Irish-Australian Chamber of Commerce","Irish Australian Chamber of Commerce",NA,NA,NA,NA,"Business","1195",1,1
"Italian Chamber of Commerce and Industry in Australia","Italian Chamber of Commerce and Industry",NA,NA,NA,"ICCI","Business","1200",0,2
"La Camara",NA,NA,NA,NA,"SCCA","Business","1215",0,0
"Swedish-Australian Chamber of Commerce",NA,NA,NA,NA,NA,"Business","1608",0,0
"Swiss-Australian Chamber of Commerce and Industry","Swiss Australian Chamber of Commerce and Industry",NA,NA,NA,"SACCI","Business","1610",0,0
"Australasian Philatelic Traders' Association","Australasian Philatelic Traders Association",NA,NA,NA,"APTA","Business","20030",0,0
"Australasian Association of Genealogists and Record Agents",NA,NA,NA,NA,NA,"Professional","20014",0,0
"Australasian Fire Authorities Council",NA,NA,NA,NA,NA,"Professional","10604",0,6
"Australian Local Government Association",NA,NA,NA,NA,NA,"Institutional","474",37,210
"Australian Local Government Women's Association","Australian Local Government Womens Association",NA,NA,NA,NA,"Professional","475",0,9
"Australian Republican Movement",NA,NA,NA,NA,"ARM","Citizen","600",43,427
"Australians for Constitutional Monarchy",NA,NA,NA,NA,NA,"Citizen","732",0,83
"Community and Public Sector Union",NA,NA,NA,NA,NA,"Union","876",418,1684
"Institute of Public Administration Australia","Institute of Public Administration",NA,NA,NA,"IPAA","Business","1182",5,112
"Local Government Managers Australia","Local Government Managers",NA,NA,NA,NA,"Professional","1234",0,2
"Proportional Representation Society of Australia","Proportional Representation Society",NA,NA,NA,"PRSA","Citizen","1465",0,5
"Reconciliation Australia",NA,NA,NA,NA,NA,"Citizen","1481",31,284
"Women's Electoral Lobby - Australia Inc","Women's Electoral Lobby","Womens Electoral Lobby - Australia Inc","Womens Electoral Lobby",NA,NA,"Citizen","1703",0,0
"Aceda Inc","Aceda",NA,NA,NA,NA,"Service","9",0,0
"Acoustic Neuroma Association Australia Inc","Acoustic Neuroma Association Australia","Acoustic Neuroma Association",NA,NA,NA,"Service","10",0,0
"Al-Anon Family Groups Pty Ltd","Al-Anon Family Groups",NA,NA,NA,NA,"Service","34",0,0
"Alison Hunter Memorial Foundation",NA,NA,NA,NA,NA,"Hybrid","37",0,0
"Allergy and Anaphylaxis Australia","Allergy and Anaphylaxis",NA,NA,NA,NA,"Hybrid","38",0,0
"Allergy & Environmental Sensitivity Support & Research Association","Allergy and Environmental Sensitivity Support and Research Association",NA,NA,NA,NA,"Service","39",0,0
"Allied Health Professions Australia","Allied Health Professions",NA,NA,NA,"AHPA","Professional","40",5,13
"Alzheimer's Australia","Alzheimers Australia",NA,NA,NA,"SAV","Hybrid","43",0,0
"AMIDA",NA,NA,NA,NA,NA,"Citizen","47",0,9
"Arthritis Australia",NA,NA,NA,NA,NA,"Citizen","66",7,32
"Asbestos Diseases Foundation of Australia","Asbestos Diseases Foundation",NA,NA,NA,NA,"Citizen","70",2,8
"Asbestoswise",NA,NA,NA,NA,NA,"Hybrid","71",0,0
"Association of Hospital Supply and Purchasing Officers Inc","Association of Hospital Supply and Purchasing Officers",NA,NA,NA,NA,"Professional","87",0,0
"Association of Massage Therapists",NA,NA,NA,NA,NA,"Professional","91",1,3
"Asthma Australia",NA,NA,NA,NA,"AFNSW","Hybrid","102",3,0
"Audiological Society of Australia (t/a Audiology Australia)","Audiology Australia","Audiological Society of Australia","Audiological Society",NA,NA,"Professional","107",0,9
"The Australian Federation of SPELD Associations","Auspeld",NA,NA,NA,NA,"Citizen","111",0,7
"Australia Medic Alert Foundation",NA,NA,NA,NA,NA,"Service","123",0,0
"Australian Acupuncture and Chinese Medicine Association",NA,NA,NA,NA,NA,"Professional","145",0,2
"Australian Advisory Board on Autism Spectrum Disorders","Australian Advisory Board on Austism",NA,NA,NA,NA,"Citizen","147",0,0
"Australian and NZ College of Anaesthetists",NA,NA,NA,NA,"AAS","Professional","154",0,0
"Australian Anti-Fluoridation Association",NA,NA,NA,NA,NA,"Citizen","156",0,1
"Australian Association for Infant Mental Health",NA,NA,NA,NA,"AAMHI","Professional","163",0,1
"Australian Association for the Wellbeing of Children in Healthcare",NA,NA,NA,NA,"AWCH","Citizen","169",0,0
"Australian Association of Consultant Pharmacy",NA,NA,NA,NA,NA,"Professional","170",0,1
"Australian Association of Gerontology",NA,NA,NA,NA,"AAG","Professional","173",0,6
"Australian Association of Massage Therapists","Massage and Myotherapy Australia",NA,NA,NA,"AAMT","Professional","177",0,4
"Australian Association of Pathology Practices Inc","Australian Pathology",NA,NA,NA,NA,"Professional","181",8,69
"Australian Association of Surgeons",NA,NA,NA,NA,NA,"Professional","185",0,0
"Australian Breastfeeding Association",NA,NA,NA,NA,NA,"Citizen","214",15,110
"Australian Cancer Research Foundation",NA,NA,NA,NA,NA,"Service","221",0,0
"Australian College of Children's and Young People's Nurses",NA,NA,NA,NA,NA,"Professional","250",0,0
"Australian College of Critical Care Nurses Ltd","Australian College of Critical Care Nurses",NA,NA,NA,NA,"Professional","251",8,12
"Australian College of Mental Health Nurses",NA,NA,NA,NA,NA,"Professional","253",3,11
"Australian College of Midwives",NA,NA,NA,NA,NA,"Professional","254",15,79
"Australian College of Neonatal Nurses Inc","Australian College of Neonatal Nurses",NA,NA,NA,NA,"Professional","255",0,0
"Australian College of Operating Room Nurses",NA,NA,NA,NA,NA,"Professional","256",0,0
"Australian College of Rural and Remote Medicine",NA,NA,NA,NA,NA,"Professional","257",8,63
"Australian Council for Health, Physical Education and Recreation",NA,NA,NA,NA,NA,"Professional","278",0,13
"Australian Council of Stoma Associations",NA,NA,NA,NA,"ACSA","Citizen","284",0,0
"Australian Council on Healthcare Standards",NA,NA,NA,NA,NA,"Institutional","290",0,22
"Australian Counselling Association",NA,NA,NA,NA,NA,"Professional","291",4,20
"Australian Day Hospital Association Ltd","Australian Day Hospital Association",NA,NA,NA,"ADHA","Institutional","301",0,0
"Australian Dental Association",NA,NA,NA,NA,NA,"Professional","304",64,340
"Australian Dental Prosthetists Association",NA,NA,NA,NA,NA,"Professional","305",0,1
"Australian Dermatology Nurses' Association","Australian Dermatology Nurses Association",NA,NA,NA,"AD","Professional","306",0,0
"Australian Diabetes Council","Diabetes NSW and ACT",NA,NA,NA,"DQ","Citizen","307",0,6
"Australian Diabetes Educators Association",NA,NA,NA,NA,"ADEA","Professional","308",0,5
"Australian Diabetes Society",NA,NA,NA,NA,NA,"Citizen","309",7,28
"Australian Diagnostic Imaging Association",NA,NA,NA,NA,"ADIA","Business","310",13,36
"Australian Dispensing Opticians Association",NA,NA,NA,NA,NA,"Professional","313",0,0
"Australian Drug Foundation","Alcohol and Drug Foundation",NA,NA,NA,NA,"Citizen","316",44,182
"Australian Federation of AIDS Organisations","AIDS Trust of Australia","AIDS Trust",NA,NA,NA,"Citizen","28",7,50
"Australian Federation of Medical Women",NA,NA,NA,NA,"AFMW","Professional","339",0,1
"Australian Foundation for Disability",NA,NA,NA,NA,NA,"Service","358",1,0
"Australian Health Promotion Association",NA,NA,NA,NA,NA,"Professional","382",2,9
"Australian Healthcare and Hospitals Association",NA,NA,NA,NA,"AHHA","Institutional","383",23,73
"Australian Hypnotherapists' Association","Australian Hypnotherapists Association",NA,NA,NA,NA,"Professional","398",4,0
"Australian Institute of Kinesiologists Ltd","Australian Institute of Kinesiologists",NA,NA,NA,NA,"Professional","427",0,0
"Australian Institute of Medical Scientists",NA,NA,NA,NA,"AIMS","Professional","432",0,2
"Australian Institute of Occupational Hygienists",NA,NA,NA,NA,NA,"Professional","434",5,23
"Australian Institute of Radiography","Australian Society of Medical Imaging and Radiation Therapy",NA,NA,NA,NA,"Professional","444",0,2
"Australian Kinesiology Association",NA,NA,NA,NA,"AMTA","Professional","457",0,2
"Australian Lung Foundation",NA,NA,NA,NA,NA,"Citizen","478",0,0
"Australian Medical Association",NA,NA,NA,NA,NA,"Professional","500",1919,6473
"Australian Military Medicine Association",NA,NA,NA,NA,NA,"Professional","506",0,0
"Australian Music Therapy Association",NA,NA,NA,NA,NA,"Professional","521",0,4
"Australian Natural Therapists Association",NA,NA,NA,NA,NA,"Professional","531",0,4
"Australian Nursing and Midwifery Council","Australian Nursing and Midwifery Accreditation Council",NA,NA,NA,NA,"Professional","538",0,5
"Australian Nursing Federation",NA,NA,NA,NA,NA,"Union","539",23,160
"Australian Orthopaedic Association",NA,NA,NA,NA,NA,"Professional","544",21,73
"Australian Orthotic Prosthetic Association Inc","Australian Orthotic Prosthetic Association",NA,NA,NA,"AOPA","Professional","545",0,0
"Australian Osteopathic Association",NA,NA,NA,NA,NA,"Professional","546",0,0
"Australian Pain Society",NA,NA,NA,NA,"APS","Citizen","550",1,9
"Australian Pedorthic Medical Grade Footwear Association","Pedorthic Association of Australia",NA,NA,NA,NA,"Professional","556",0,0
"Australian Physiotherapy Association",NA,NA,NA,NA,"APA","Professional","563",18,70
"Australian Practice Nurses Association","Australian Primary Health Care Nurses Association",NA,NA,NA,"AP","Professional","576",5,23
"Australian Private Hospitals Association",NA,NA,NA,NA,NA,"Business","581",80,159
"Australian Psychological Society Ltd","Australian Psychological Society",NA,NA,NA,NA,"Professional","588",72,405
"Australian Respiratory Council",NA,NA,NA,NA,NA,"Hybrid","601",0,0
"Australian Resuscitation Council",NA,NA,NA,NA,NA,"Professional","602",0,15
"Australian Rheumatology Association",NA,NA,NA,NA,NA,"Professional","604",2,14
"Australian Salaried Medical Officers Federation",NA,NA,NA,NA,"ASIAL","Union","610",9,59
"Australian Self-Medication Industry",NA,NA,NA,NA,"ARC","Business","619",0,3
"Australian Society for Medical Research",NA,NA,NA,NA,"ASMI","Professional","639",0,35
"Australian Society of Anaesthetists",NA,NA,NA,NA,"ASA","Professional","643",3,30
"Australian Society of Clinical Hypnotherapists",NA,NA,NA,NA,NA,"Professional","648",0,2
"Australian Society of Endodontology Inc","Australian Society of Endodontology",NA,NA,NA,NA,"Professional","649",0,0
"Australian Society of Hypnosis",NA,NA,NA,NA,NA,"Professional","652",0,2
"Australian Society of Orthodontists",NA,NA,NA,NA,NA,"Professional","653",2,8
"Australian Society of Otolaryngology Head & Neck Surgery Ltd","Australian Society of Otolaryngology Head and Neck Surgery",NA,NA,NA,NA,"Professional","654",0,3
"Australian Society of Plastic Surgeons",NA,NA,NA,NA,NA,"Professional","655",25,129
"Australian Sonographers Association","Australasian Sonographers Association",NA,NA,NA,"ASA","Professional","661",4,11
"Australian Thyroid Foundation",NA,NA,NA,NA,"ATF","Hybrid","687",1,0
"Australian Traditional-Medicine Society",NA,NA,NA,NA,NA,"Professional","691",0,0
"Epilepsy Society of Australia","Epilepsy Society",NA,NA,NA,NA,"Professional","995",0,2
"Australian Women's Health Network","Australian Womens Health Network",NA,NA,NA,NA,"Citizen","724",0,2
"Autism Behavioural Intervention Association","Autism Pathways",NA,NA,NA,NA,"Hybrid","736",0,0
"Beyondblue: The National Depression Initiative","Beyond Blue",NA,NA,NA,NA,"Citizen","753",77,2492
"Billings LIFE Leaders In Fertility Education","Billings LIFE",NA,NA,NA,NA,"Professional","758",0,0
"Blind Citizens Australia",NA,NA,NA,NA,NA,"Citizen","764",4,13
"Brain Injury Australia",NA,NA,NA,NA,NA,"Citizen","780",11,18
"Brainwave Australia",NA,NA,NA,NA,"CHAT","Service","781",0,0
"Breast Cancer Institute of Australia","Breast Cancer Institute",NA,NA,NA,"BC","Service","784",0,0
"Breast Cancer Network Australia","Breast Cancer Network",NA,NA,NA,NA,"Citizen","785",25,236
"Cancer Council Australia","Cancer Council",NA,NA,NA,"CCA","Citizen","805",344,343
"CanTeen, the Australian Organisation for Young People Living with Cancer","CanTeen","Australian Organisation for Young People Living with Cancer",NA,NA,NA,"Service","806",0,0
"Care Connect",NA,NA,NA,NA,NA,"Service","808",0,0
"Catholic Health Australia","Catholic Health",NA,NA,NA,"CHA","Institutional","815",74,175
"Chiropractors' Association of Australia","Australian Chiropractors Association","Chiropractors' Association","Chiropractors Association of Australia","Chiropractors Association","ACA","Professional","845",6,25
"Chronic Illness Alliance",NA,NA,NA,NA,NA,"Citizen","851",0,2
"Clinical Oncological Society of Australia","Clinical Oncological Society",NA,NA,NA,NA,"Professional","862",0,1
"Cochlear Implant Club and Advisory Association","CICADA Australia","CICADA",NA,NA,NA,"Hybrid","864",0,0
"Coeliac Australia",NA,NA,NA,NA,"CA","Citizen","865",16,62
"Complementary Healthcare Council of Australia","Complementary Medicines Australia","Complementary Healthcare Council","Complementary Medicines",NA,NA,"Business","886",6,21
"Confederation of Postgraduate Medical Education Councils",NA,NA,NA,NA,NA,"Professional","891",0,1
"Consumers Health Forum of Australia","Consumers Health Forum",NA,NA,NA,"CHF","Citizen","898",50,67
"Continence Foundation of Australia","Continence Foundation",NA,NA,NA,NA,"Citizen","901",4,20
"Cornea and Contact Lens Society of Australia","Cornea and Contact Lens Society",NA,NA,NA,"ADOA(Vic)","Professional","906",0,0
"Cosmetic Physicians Society of Australia","Cosmetic Physicians Society",NA,NA,NA,"RACS","Professional","909",2,0
"Crohn's and Colitis Australia","Crohns and Colitis Australia",NA,NA,NA,NA,"Hybrid","925",0,0
"Cystic Fibrosis Australia",NA,NA,NA,NA,NA,"Hybrid","932",2,0
"Dalgarno Institute",NA,NA,NA,NA,NA,"Citizen","936",2,5
"Dance-Movement Therapy Association of Australia","Dance-Movement Therapy Association",NA,NA,NA,NA,"Professional","938",0,0
"Day of Difference Foundation",NA,NA,NA,NA,NA,"Service","940",0,0
"Deaf Australia",NA,NA,NA,NA,NA,"Citizen","941",1,17
"Deb Bailey Foundation",NA,NA,NA,NA,NA,"Service","944",1,0
"Dental Assistants Association of Australia","Dental Assistants Professional Association","Dental Assistants Association",NA,NA,NA,"Professional","950",0,0
"Dental Hygienists Assistants Association of Australia Inc","Dental Hygienists Assistants Association of Australia","Dental Hygienists Assistants Association",NA,NA,NA,"Professional","951",0,0
"Diabetes Australia",NA,NA,NA,NA,NA,"Citizen","954",14,208
"Dietitians Association of Australia","Dietitians Australia","Dietitians Association",NA,NA,"ANZOS","Professional","955",57,330
"Disability Services Australia",NA,NA,NA,NA,NA,"Service","958",1,0
"Discharge Planning Association",NA,NA,NA,NA,NA,"Professional","961",0,0
"Diversional Therapy Australia",NA,NA,NA,NA,NA,"Professional","963",0,0
"Doctors Reform Society of Australia","Doctors Reform Society",NA,NA,NA,NA,"Citizen","966",0,0
"Dystrophic Epidermolysis Bullosa Research Association of Australia",NA,NA,NA,NA,"DEBRA","Hybrid","972",0,0
"Endeavour Foundation",NA,NA,NA,NA,NA,"Hybrid","987",9,0
"Endocrine Society of Australia","Endocrine Society",NA,NA,NA,"ESA","Professional","988",0,9
"Fertility Society of Australia","Fertility Society",NA,NA,NA,"FPWNT","Business","1029",36,133
"Fred Hollows Foundation",NA,NA,NA,NA,NA,"Service","1055",3,0
"GAIN Inc","GAIN",NA,NA,NA,NA,"Citizen","1069",0,0
"Gastroenterological Nurses College",NA,NA,NA,NA,NA,"Professional","1078",0,0
"Gawler Foundation",NA,NA,NA,NA,NA,"Service","1080",0,0
"Glaucoma Australia",NA,NA,NA,NA,NA,"Citizen","1088",0,5
"Gynaecological Cancer Society",NA,NA,NA,NA,NA,"Professional","1109",0,0
"Haemophilia Foundation Australia","Haemophilia Foundation",NA,NA,NA,NA,"Citizen","1111",3,2
"Health Information Management Association of Australia","Health Information Management Association",NA,NA,NA,NA,"Professional","1118",0,1
"Heart Support Australia","Heart Support - Australia",NA,NA,NA,NA,"Service","1120",2,0
"Hepatitis Australia",NA,NA,NA,NA,"HQ","Citizen","1123",0,11
"Homebirth Australia",NA,NA,NA,NA,NA,"Citizen","1134",0,8
"Humour Foundation",NA,NA,NA,NA,NA,"Service","1144",0,0
"Humpty Dumpty Foundation",NA,NA,NA,NA,NA,"Service","1145",2,0
"Impotence Australia",NA,NA,NA,NA,NA,"Service","1151",0,0
"Inspire Foundation","REACH OUT.com",NA,NA,NA,NA,"Service","1160",0,0
"Gastroenterological Society of Australia","Gastroenterological Society",NA,NA,NA,NA,"Professional","20114",0,14
"Institute of Hospital Engineering","Institute of Healthcare Engineering, Australia","Institute of Healthcare Engineering",NA,NA,NA,"Professional","1174",0,0
"Irabina Autism Childhood Services",NA,NA,NA,NA,NA,"Service","1192",0,0
"Irritable Bowel Information and Support Association of Australia","IBIS Irritable Bowel Information Australia","Irritable Bowel Information and Support Association","IBIS Irritable Bowel Information",NA,NA,"Service","1197",0,0
"Jean Hailes for Women's Health","Jean Hailes for Womens Health",NA,NA,NA,NA,"Service","1204",0,0
"Kid's Cancer Project","Kids Cancer Project",NA,NA,NA,NA,"Service","1210",0,0
"Kids Foundation",NA,NA,NA,NA,NA,"Service","1211",1,0
"Kids Under Cover",NA,NA,NA,NA,NA,"Service","1212",0,0
"Leadership Plus",NA,NA,NA,NA,NA,"Service","1220",1,0
"Leprosy Mission Australia","Leprosy Mission",NA,NA,NA,NA,"Service","1224",0,0
"Leukaemia Foundation of Australia","Leukaemia Foundation",NA,NA,NA,NA,"Citizen","1226",30,3
"Lifeline Australia",NA,NA,NA,NA,NA,"Service","1229",10,0
"Macular Degeneration Foundation",NA,NA,NA,NA,NA,"Hybrid","1238",0,0
"Make-A-Wish Australia","Make-A-Wish",NA,NA,NA,NA,"Service","1241",0,0
"Maternity Coalition",NA,NA,NA,NA,NA,"Citizen","1252",0,0
"Medecins Sans Frontieres",NA,NA,NA,NA,NA,"Service","1254",19,0
"Medical Association for Prevention of War",NA,NA,NA,NA,NA,"Citizen","1258",4,47
"Medical Error Action Group",NA,NA,NA,NA,NA,"Citizen","1259",12,21
"Medical Indemnity Protection Society",NA,NA,NA,NA,"MEAG","Professional","1260",0,4
"Medical Technology Association of Australia","Medical Technology Association",NA,NA,NA,"MTAA","Business","1261",23,133
"Epilepsy Action Australia","Epilepsy Association",NA,NA,NA,NA,"Hybrid","10593",3,0
"Medicines Australia",NA,NA,NA,NA,NA,"Business","1262",26,301
"Mental Health Council of Australia","Mental Health Australia","Mental Health Council",NA,NA,NA,"Citizen","1267",20,152
"Mental Illness Fellowship of Australia","Mental Illness Fellowship",NA,NA,NA,"MIFA","Citizen","1268",0,16
"Active Ageing Australia","Active Ageing",NA,NA,NA,NA,"Service","10510",0,0
"Motor Neurone Disease Australia","Motor Neurone Disease",NA,NA,NA,NA,"Citizen","1283",1,3
"Muscular Dystrophy Australia","Muscular Dystrophy",NA,NA,NA,"MDASA","Service","1286",0,0
"Narcotics Anonymous Australia","Narcotics Anonymous",NA,NA,NA,NA,"Service","1292",0,0
"National Aboriginal Community Controlled Health Organisation",NA,NA,NA,NA,NA,"Institutional","1293",12,130
"National Association of People Living With HIV/AIDS",NA,NA,NA,NA,NA,"Citizen","1305",0,0
"National Association of Specialist Obstetricians and Gynaecologists",NA,NA,NA,NA,NA,"Professional","1308",0,50
"National Asthma Council Australia","National Asthma Council",NA,NA,NA,NA,"Citizen","1311",15,35
"National Breast Cancer Foundation",NA,NA,NA,NA,NA,"Service","1316",13,0
"National Enrolled Nurses Association",NA,NA,NA,NA,NA,"Professional","1330",0,0
"National Heart Foundation of Australia","National Heart Foundation",NA,NA,NA,NA,"Hybrid","1340",10,0
"National Herbalists Association of Australia","National Herbalists Association",NA,NA,NA,"NHAA","Professional","1341",0,0
"National Pharmaceutical Services Association",NA,NA,NA,NA,"NPSA","Business","1350",3,6
"National Rural Health Alliance",NA,NA,NA,NA,"NRHA","Citizen","1358",8,55
"National Stroke Foundation",NA,NA,NA,NA,NA,"Citizen","1365",0,8
"Australian Naturopathic Practitioners Association","Naturopathic Practitioners Association",NA,NA,NA,NA,"Professional","1375",0,8
"NF Australia","Children's Tumor Foundation","Childrens Tumor Foundation",NA,NA,NA,"Service","1381",0,0
"Non Smokers Movement of Australia Inc","Non Smokers Movement of Australia","Non Smokers Movement","Non Smokers' Movement of Australia","Non Smokers' Movement",NA,"Citizen","1384",0,0
"Nurses Christian Fellowship Australia","Nurses Christian Fellowship",NA,NA,NA,NA,"Professional","1386",0,0
"Nutrition Australia",NA,NA,NA,NA,NA,"Citizen","1387",86,210
"Nutrition Society of Australia","Nutrition Society",NA,NA,NA,NA,"Professional","1388",0,3
"Occupational Therapy Australia",NA,NA,NA,NA,NA,"Professional","1390",9,25
"Optometrists Association Australia","Optometery Australia","Optometrists Association",NA,NA,NA,"Professional","1397",0,0
"Orthoptics Australia",NA,NA,NA,NA,NA,"Professional","1402",0,1
"Osteoporosis Australia",NA,NA,NA,NA,"AV","Citizen","1403",0,37
"Ovarian Cancer Australia",NA,NA,NA,NA,NA,"Citizen","1407",5,101
"Ovarian Cancer Research Foundation",NA,NA,NA,NA,NA,"Service","1408",8,0
"Palliative Care Australia",NA,NA,NA,NA,NA,"Citizen","1415",1,8
"Parkinson's Australia","Parkinsons Australia",NA,NA,NA,NA,"Citizen","1417",0,5
"Pharmaceutical Society of Australia","Pharmaceutical Society",NA,NA,NA,NA,"Professional","1426",23,133
"Post and Antenatal Depression Association",NA,NA,NA,NA,NA,"Service","1446",0,0
"Private Healthcare Australia",NA,NA,NA,NA,NA,"Business","1455",241,757
"Prostate Cancer Foundation of Australia","Prostate Cancer Foundation",NA,NA,NA,NA,"Hybrid","1467",27,0
"Public Health Association of Australia","Public Health Association",NA,NA,NA,NA,"Citizen","1470",60,192
"Retirement Village Association","Retirement Village Residents Association",NA,NA,NA,NA,"Business","1496",0,15
"Rett Syndrome Association of Australia","Rett Syndrome Association",NA,NA,NA,NA,"Service","1497",1,0
"Ronald McDonald House Charities",NA,NA,NA,NA,NA,"Service","1506",2,0
"Royal Australian College of General Practitioners",NA,NA,NA,NA,"RACGP","Professional","1510",289,1695
"Royal College of Nursing Australia","Australian College of Nursing","Royal College of Nursing",NA,NA,NA,"Professional","1513",41,139
"Royal Institute for Deaf and Blind Children","Next Sense",NA,NA,NA,NA,"Service","1514",0,0
"Royal Life Saving Society Australia","Royal Life Saving Society",NA,NA,NA,NA,"Service","1515",44,0
"RPH Australia",NA,NA,NA,NA,NA,"Business","1517",0,2
"Rural Doctors Association of Australia","Rural Doctors Association","Rural Doctors' Association of Australia","Rural Doctors' Association",NA,"RDAA","Professional","1519",45,97
"Rural Health Workforce Australia","Rural Health Workforce",NA,NA,NA,"SDA","Institutional","1520",0,0
"SANE Australia",NA,NA,NA,NA,NA,"Hybrid","1522",0,0
"Scleroderma Australia",NA,NA,NA,NA,"SCFA","Citizen","1529",0,0
"Sexual Health and Family Planning Australia","Sexual Health and Family Planning",NA,NA,NA,NA,"Institutional","1544",1,0
"SIDS and Kids Australia","Red Nose Grief and Loss","SIDS and Kids",NA,NA,NA,"Hybrid","1553",0,0
"Society of Hospital Pharmacists of Australia","Society of Hospital Pharmacists",NA,NA,NA,NA,"Professional","1566",2,14
"Speech Pathology Australia","Speech Pathology",NA,NA,NA,NA,"Professional","1574",1,42
"Spinal Cord Injuries Australia","Spinal Cord Injuries",NA,NA,NA,NA,"Hybrid","1575",0,0
"Sports Dietitians Australia","Sports Dietitians",NA,NA,NA,NA,"Professional","1580",0,13
"Sports Medicine Australia","Sports Medicine",NA,NA,NA,NA,"Professional","1581",3,16
"St John Ambulance Australia","St John Ambulance",NA,NA,NA,NA,"Service","1583",82,0
"Stillbirth and Neonatal Death Support",NA,NA,NA,NA,NA,"Service","1593",0,0
"Stillbirth Foundation Australia","Stillbirth Foundation",NA,NA,NA,NA,"Service","1594",16,0
"Suicide Prevention Australia",NA,NA,NA,NA,NA,"Citizen","1599",41,180
"Synapse",NA,NA,NA,NA,NA,"Citizen","1611",0,0
"The Australian Kidney Foundation","Australian Kidney Foundation",NA,NA,NA,NA,"Hybrid","1630",0,0
"The Pharmacy Guild of Australia","Pharmacy Guild of Australia","Pharmacy Guild",NA,NA,NA,"Professional","1640",187,562
"Transplant Australia",NA,NA,NA,NA,"TA","Citizen","1653",11,23
"Vision Australia",NA,NA,NA,NA,NA,"Hybrid","1678",41,0
"Australasian Society for Ultrasound In Medicine",NA,NA,NA,NA,"ASUM","Business","10716",0,2
"Laundry Association Australia","Laundry Association",NA,NA,NA,"DIA","Business","20129",0,1
"Accord Australasia",NA,NA,NA,NA,"AABTh","Business","20002",1,9
"Pathology Australia",NA,NA,NA,NA,NA,"Business","20153",12,103
"Multiple Sclerosis Australia",NA,NA,NA,NA,NA,"Citizen","10647",0,3
"Asbestos Diseases Society",NA,NA,NA,NA,NA,"Citizen","10570",0,17
"Emerge Australia",NA,NA,NA,NA,"ME/CFS","Citizen","20104",2,13
"Eczema Association of Australasia","Eczema Association",NA,NA,NA,"PAI","Citizen","20103",0,4
"Wounds Australia",NA,NA,NA,NA,NA,"Citizen","20210",0,21
"Cardiomyopathy Association of Australia","Cardiomyopathy Association",NA,NA,NA,"CSANZ","Citizen","20093",0,2
"Child and Youth Health",NA,NA,NA,NA,NA,"Citizen","10690",0,2
"Pedestrian Council of Australia","Pedestrian Council",NA,NA,NA,NA,"Citizen","10634",44,93
"Australian Hepatitis Council",NA,NA,NA,NA,NA,"Citizen","10752",0,0
"Community Mental Health Australia","Community Mental Health",NA,NA,NA,"MHANSW","Citizen","20100",0,9
"Drug Free Australia",NA,NA,NA,NA,NA,"Citizen","10709",16,28
"HeartKids",NA,NA,NA,NA,NA,"Citizen","20121",20,1
"Mental Health Foundation of Australia","Mental Health Foundation",NA,NA,NA,NA,"Hybrid","10506",2,0
"Australian Association for Exercise and Sports Science",NA,NA,NA,NA,NA,"Professional","10512",0,0
"Royal Australasian College of Surgeons",NA,NA,NA,NA,NA,"Professional","10703",40,432
"Royal Australian and New Zealand College of Radiologists",NA,NA,NA,NA,NA,"Professional","20168",0,53
"Urological Society of Australia and New Zealand",NA,NA,NA,NA,"USANZ","Professional","20205",0,53
"Royal Australasian College of Physicians",NA,NA,NA,NA,NA,"Professional","20167",18,234
"Neurosurgical Society of Australasia","Neurosurgical Society",NA,NA,NA,"NSA","Professional","10649",0,3
"Australasian College of Health Service Management",NA,NA,NA,NA,"ACHSM","Professional","10631",0,3
"The Royal Australian and New Zealand College of Psychiatrists","Royal Australian and New Zealand College of Psychiatrists",NA,NA,NA,NA,"Professional","20200",0,214
"Australian Podiatry Association",NA,NA,NA,NA,NA,"Professional","20072",1,17
"Australian and New Zealand Association of Neurologists",NA,NA,NA,NA,"AAN","Professional","10648",0,4
"Cardiac Society of Australia and New Zealand",NA,NA,NA,NA,NA,"Professional","20092",0,29
"Royal College of Pathologists of Australasia","Royal College of Pathologists",NA,NA,NA,"RCPA","Professional","10659",6,56
"Thoracic Society of Australia and New Zealand",NA,NA,NA,NA,"TSANZ","Professional","20202",0,18
"Australasian Association of Clinical Biochemists",NA,NA,NA,NA,"AACB","Professional","20012",0,1
"The Royal Australasian College of Dental Surgeons","Royal Australasian College of Dental Surgeons",NA,NA,NA,"RACDS","Professional","20197",1,4
"Australasian College of Dermatologists",NA,NA,NA,NA,"ACD","Professional","10569",18,59
"Royal Australasian College of Medical Administrators",NA,NA,NA,NA,"RACMA","Professional","20166",0,7
"Australian and New Zealand Society for Geriatric Medicine",NA,NA,NA,NA,NA,"Professional","20052",0,9
"Australasian Neuroscience Nurses' Association",NA,NA,NA,NA,NA,"Professional","20029",0,0
"Australian and New Zealand Intensive Care Society",NA,NA,NA,NA,NA,"Professional","20051",0,53
"Australasian Society for Infectious Diseases",NA,NA,NA,NA,"ASID","Professional","10571",5,45
"Australian and New Zealand Burn Association",NA,NA,NA,NA,NA,"Professional","20050",0,3
"Australasian College of Physical Scientists and Engineers in Medicine",NA,NA,NA,NA,"ACPSEM","Professional","20016",0,0
"Human Genetics Society of Australasia",NA,NA,NA,NA,NA,"Professional","20123",0,10
"Australasian Professional Society on Alcohol and other Drugs",NA,NA,NA,NA,NA,"Professional","20032",0,11
"Australasian College of Sport and Exercise Physicians",NA,NA,NA,NA,NA,"Professional","20017",0,15
"Australian and New Zealand Society of Blood Transfusion",NA,NA,NA,NA,NA,"Professional","20053",0,0
"Australasian Epidemiological Association",NA,NA,NA,NA,"ACSP","Professional","20020",0,3
"Australasian Menopause Society",NA,NA,NA,NA,"AMS","Professional","20026",13,33
"Australia and New Zealand Association of Psychotherapy",NA,NA,NA,NA,NA,"Professional","20047",0,0
"Australasian Sleep Association",NA,NA,NA,NA,"ASA","Professional","20036",8,48
"Australasian Society for HIV, Viral Hepatitis and Sexual Health Medicine",NA,NA,NA,NA,NA,"Professional","20037",0,10
"Australasian Society of Clinical Immunology and Allergy",NA,NA,NA,NA,"ASCIA","Professional","20040",0,35
"Australasian Integrative Medicine Association",NA,NA,NA,NA,NA,"Professional","20024",0,3
"Australasian Lymphology Association",NA,NA,NA,NA,"AEA","Professional","20025",0,1
"Royal Australian and New Zealand College of Ophthalmologists",NA,NA,NA,NA,NA,"Professional","10653",0,41
"Haematology Society of Australia and New Zealand",NA,NA,NA,NA,"HSANZ","Professional","10616",0,0
"Royal Australian and New Zealand College of Obstetricians and Gynaecologists",NA,NA,NA,NA,NA,"Professional","10652",0,221
"Australian College of Nurse Practitioners",NA,NA,NA,NA,"ACN","Professional","20059",10,14
"Australasian Podiatry Council",NA,NA,NA,NA,"APODC","Professional","10641",0,5
"Australian Foundation for Mental Health Research",NA,NA,NA,NA,NA,"Service","10643",0,0
"Retina Australia",NA,NA,NA,NA,"RASA","Service","20164",4,0
"Stroke Recovery Association NSW",NA,NA,NA,NA,NA,"Service","10635",0,0
"Bosom Buddies",NA,NA,NA,NA,NA,"Service","10544",1,0
"Lymphoma Australia",NA,NA,NA,NA,NA,"Service","20135",7,0
"Childhood Cancer Association",NA,NA,NA,NA,NA,"Service","20096",1,0
"Hotel, Motel and Accommodation Association of Australia","Hotel, Motel and Accommodation Association",NA,NA,NA,NA,"Business","10733",0,0
"Property Owners Association of Australia","Property Owners Association",NA,NA,NA,NA,"Business","10672",5,1
"Self Storage Association of Australasia","Self Storage Association",NA,NA,NA,"SSAA","Business","20172",0,2
"Association of Wall and Ceiling Industries of Australia and New Zealand","Association of Wall and Ceiling Industries",NA,NA,NA,"AWCIANZ","Business","20008",0,0
"Australian Direct Property Investment Association",NA,NA,NA,NA,NA,"Business","10748",0,0
"Building Products Innovation Council",NA,NA,NA,NA,NA,"Business","20091",3,3
"Roofing Tile Association of Australia","Roofing Tile Association",NA,NA,NA,NA,"Business","20165",0,0
"Building Designers Association of Australia","Building Designers Association",NA,NA,NA,NA,"Professional","20090",0,7
"Australian Resident Accommodation Managers Association",NA,NA,NA,NA,"LASA","Professional","20075",0,3
"Migration Institute of Australia","Migration Institute",NA,NA,NA,NA,"Professional","1272",4,33
"Refugee Council of Australia","Refugee Council",NA,NA,NA,NA,"Citizen","1486",34,159
"Burmese Friendship Association",NA,NA,NA,NA,NA,"Citizen","10542",0,0
"Australian Chinese Community Association",NA,NA,NA,NA,NA,"Service","10552",0,0
"Australia-Indonesia Institute","Australia Indonesia Institute",NA,NA,NA,NA,"Citizen","10623",0,8
"United Nations Information Centre",NA,NA,NA,NA,NA,"Service","10625",0,0
"Adventist Development & Relief Agency Australia","Adventist Development and Relief Agency Australia","Adventist Development and Relief Agency",NA,NA,NA,"Service","16",0,0
"Australia for UNHCR",NA,NA,NA,NA,NA,"Service","120",0,0
"Australian Committee for UNICEF Ltd (ta Unicef Australia)","Unicef Australia",NA,NA,NA,NA,"Citizen","261",56,211
"Oxfam Australia","Oxfam Community Aid Abroad","Oxfam",NA,NA,NA,"Hybrid","10656",6,0
"CARE Australia",NA,NA,NA,NA,NA,"Hybrid","807",3,0
"CBM Australia",NA,NA,NA,NA,NA,"Hybrid","821",2,0
"Partners in Aid",NA,NA,NA,NA,NA,"Service","1420",0,0
"PIONEERS of Australia",NA,NA,NA,NA,NA,"Service","1430",0,0
"Save the Children Australia","Save the Children",NA,NA,NA,NA,"Hybrid","1524",37,0
"UN Women Australia",NA,NA,NA,NA,NA,"Citizen","1660",0,50
"United Nations Association of Australia","United Nations Association",NA,NA,NA,NA,"Citizen","1663",0,26
"World Vision of Australia","World Vision",NA,NA,NA,NA,"Hybrid","1707",46,0
"Showmen's Guild of Australasia","Showmen's Guild","Showmens Guild","Showmens Guild of Australasia",NA,NA,"Business","20177",0,3
"Real Estate Employers' Federation","Real Estate Employers Federation",NA,NA,NA,NA,"Business","20162",0,1
"Australian International Pilots' Association","Australian International Pilots Association",NA,NA,NA,NA,"Business","10665",3,2
"Agribusiness Employers Federation",NA,NA,NA,NA,NA,"Business","10578",0,0
"Recruitment and Consulting Services Association",NA,NA,NA,NA,NA,"Business","10662",1,8
"Women in Super",NA,NA,NA,NA,NA,"Citizen","10701",2,75
"CPA Australia","CPA",NA,NA,NA,NA,"Professional","10602",146,560
"The Australasian Institute of Mining and Metallurgy",NA,NA,NA,NA,NA,"Professional","20188",2,21
"Illuminating Engineering Society of Australia and New Zealand","Illuminating Engineering Society",NA,NA,NA,NA,"Professional","20124",0,0
"Australian and International Pilots Association",NA,NA,NA,NA,"AAA","Professional","10759",0,229
"Master Locksmiths Association of Australasia","Master Locksmiths Association",NA,NA,NA,"MLAA","Professional","20137",0,2
"Australasian Meat Industry Employees Union",NA,NA,NA,NA,"NSWTF","Union","10640",6,52
"Shop Distributive and Allied Employees Association",NA,NA,NA,NA,NA,"Union","10675",0,248
"Metal Trades Federation of Unions",NA,NA,NA,NA,NA,"Union","10577",0,0
"Union of Christmas Island Workers",NA,NA,NA,NA,NA,"Union","10676",0,1
"Independent Education Union of Australia","Independent Education Union",NA,NA,NA,NA,"Union","10582",114,45
"Health and Community Services Union",NA,NA,NA,NA,"HACSU","Union","20117",81,287
"Health Services Union of Australia","Health Services Union",NA,NA,NA,NA,"Union","10576",151,2
"Rail, Tram and Bus Union",NA,NA,NA,NA,NA,"Union","20159",14,601
"Communications, Electrical and Plumbing Union of Australia","Communications, Electrical and Plumbing Union",NA,NA,NA,NA,"Union","10575",2,15
"Australian Association of Graduate Employers",NA,NA,NA,NA,NA,"Business","174",0,26
"Australian Council of Trade Unions",NA,NA,NA,NA,"ACTU","Union","287",612,2019
"Australian Human Resources Institute",NA,NA,NA,NA,"AHRI","Professional","396",23,96
"Australian Labour and Employment Relations Association",NA,NA,NA,NA,NA,"Professional","460",0,5
"Australian Manufacturing Workers' Union","Australian Manufacturing Workers Union",NA,NA,NA,"AMWU","Union","485",49,117
"Australian Maritime Officers Union",NA,NA,NA,NA,NA,"Union","492",2,45
"Australian Services Union",NA,NA,NA,NA,NA,"Union","622",154,768
"Australian Workers' Union","Australian Workers Union",NA,NA,NA,"ASU","Union","727",234,2047
"Employee Assistance Professionals Association of Australia Inc","Employee Assistance Professionals Association of Australia","Employee Assistance Professionals Association",NA,NA,NA,"Professional","984",0,0
"Employee Ownership Australia Limited","Employee Ownership Australia","Employee Ownership",NA,NA,NA,"Business","985",1,6
"Disability Employment Australia","Employers Making a Difference","Disability Employment",NA,NA,NA,"Institutional","10581",0,2
"Family Day Care Australia",NA,NA,NA,NA,NA,"Business","1009",0,3
"IFAP","WHS Foundation",NA,NA,NA,"IFAP","Professional","1149",0,0
"Jobs Australia",NA,NA,NA,NA,NA,"Business","1208",7,40
"National Employment Services Association Limited","National Employment Services Association",NA,NA,NA,NA,"Business","1329",1,17
"National Union of Workers","United Workers Union","United Voice",NA,NA,"UWU","Union","1371",617,2371
"Scarlet Alliance - Australian Sex Workers Association","Scarlet Alliance","Australian Sex Workers Association",NA,NA,NA,"Business","1525",10,0
"Settlement Council of Australia","Settlement Council",NA,NA,NA,NA,"Institutional","1543",0,15
"Superannuated Commonwealth Officers' Association",NA,NA,NA,NA,NA,"Professional","1601",0,2
"Textile Clothing and Footwear Union of Australia","Textile Clothing and Footwear Union",NA,NA,NA,NA,"Union","1623",0,16
"WIZO Australia","WIZO",NA,NA,NA,NA,"Citizen","1698",0,0
"Australian Fishing Tackle Association",NA,NA,NA,NA,NA,"Business","10500",0,3
"Australasian Institute of Surface Finishing",NA,NA,NA,NA,NA,"Professional","20023",0,0
"Abused Child Trust",NA,NA,NA,NA,NA,"Service","6",0,0
"Adults Surviving Child Abuse","blueknot",NA,NA,NA,NA,"Service","14",0,0
"Australian Lawyers Alliance","Australian Plaintiff Lawyers Association",NA,NA,NA,"ALA","Citizen","10629",113,334
"Arts Law Centre of Australia","Arts Law Centre",NA,NA,NA,NA,"Hybrid","69",1,0
"Association of Australian Investigators Inc","Association of Australian Investigators",NA,NA,NA,NA,"Professional","81",0,0
"Australian Bar Association",NA,NA,NA,NA,NA,"Professional","198",21,184
"Australian Childhood Foundation",NA,NA,NA,NA,NA,"Citizen","241",18,124
"Australian Copyright Council",NA,NA,NA,NA,"ACC","Business","271",0,7
"Australian Corporate Lawyers Association",NA,NA,NA,NA,NA,"Professional","273",0,0
"Australian Custodial Services Association",NA,NA,NA,NA,NA,"Professional","297",1,2
"Australian Family Association",NA,NA,NA,NA,NA,"Citizen","328",0,45
"Australian Federal Police Association",NA,NA,NA,NA,NA,"Professional","329",79,238
"Australian Institute of Administrative Law Inc","Australian Institute of Administrative Law",NA,NA,NA,NA,"Professional","410",1,8
"Australian Institute of Judicial Administration","Australasian Institute of Judicial Administration",NA,NA,NA,"AIJA","Professional","426",1,23
"Australian Parents Council",NA,NA,NA,NA,NA,"Citizen","553",20,61
"Australian Security Industry Association",NA,NA,NA,NA,NA,"Professional","617",4,23
"Australian Women Lawyers",NA,NA,NA,NA,"AWL","Professional","721",11,40
"Child and Family Welfare Association of Australia","Child and Family Welfare Association",NA,NA,NA,NA,"Citizen","839",0,0
"Commercial Law Association of Australia","Commercial Law Association",NA,NA,NA,NA,"Professional","868",0,0
"Community Restorative Centre",NA,NA,NA,NA,"CRC","Service","884",5,0
"Crime Victims Support Association",NA,NA,NA,NA,NA,"Citizen","923",7,12
"Families and Friends for Drug Law Reform",NA,NA,NA,NA,NA,"Citizen","1005",0,15
"Families Australia",NA,NA,NA,NA,NA,"Citizen","1007",3,45
"Fire Protection Association Australia","Fire Protection Association",NA,NA,NA,NA,"Business","1039",7,12
"Incest Survivors Association Inc","Phoenix Support and Advocacy Service","Phoenix Support and Advocacy Service Inc",NA,NA,NA,"Service","1153",0,0
"Institute of Arbitrators & Mediators Australia","Institute of Arbitrators and Mediators Australia","Institute of Arbitrators and Mediators",NA,NA,"IAMA","Professional","1166",0,0
"Institute of Patent and Trade Mark Attorneys of Australia",NA,NA,NA,NA,"IPTA","Professional","1180",0,1
"International Law Association",NA,NA,NA,NA,NA,"Professional","1187",0,3
"Law Council of Australia","Law Council",NA,NA,NA,NA,"Professional","1219",299,1084
"Lone Fathers Association Australia Inc","Lone Fathers Association Australia","Lone Fathers Association",NA,NA,NA,"Citizen","1236",0,0
"National Association for Prevention of Child Abuse and Neglect",NA,NA,NA,NA,NA,"Citizen","1298",0,21
"National Association of Community Legal Centres",NA,NA,NA,NA,NA,"Service","1302",1,18
"National Association of Services Against Sexual Violence",NA,NA,NA,NA,NA,"Institutional","1307",1,4
"National Fire Industry Association",NA,NA,NA,NA,"NFIA","Business","1336",1,5
"Police Federation of Australia","Police Federation",NA,NA,NA,NA,"Professional","1437",24,78
"Pregnancy Help Australia",NA,NA,NA,NA,NA,"Service","1449",0,0
"Redkite",NA,NA,NA,NA,"SCHF","Service","1483",15,0
"RELATEWELL (Family Relationships Institute Inc)","RELATEWELL (Family Relationships Institute)","RELATEWELL",NA,NA,NA,"Hybrid","1488",0,0
"Relationships Australia",NA,NA,NA,NA,NA,"Service","1489",9,0
"Shared Parenting Council of Australia","Shared Parenting Council",NA,NA,NA,NA,"Citizen","1545",1,1
"Siblings Australia",NA,NA,NA,NA,NA,"Hybrid","1552",0,0
"Stepfamilies Australia",NA,NA,NA,NA,NA,"Hybrid","1592",0,0
"United Firefighters Union of Australia","United Firefighters Union","United Firefighters' Union of Australia","United Firefighters' Union",NA,NA,"Union","1662",97,43
"Whistleblowers Australia",NA,NA,NA,NA,NA,"Citizen","1689",4,10
"Chung Wah Association",NA,NA,NA,NA,NA,"Service","10553",1,0
"The Tax Institute","Tax Institute","Taxation Institute of Australia","Taxation Institute",NA,NA,"Professional","10707",145,333
"Australian Poetry Centre",NA,NA,NA,NA,NA,"Business","568",0,1
"Corporate Tax Association of Australia","Corporate Tax Association",NA,NA,NA,NA,"Business","908",12,1
"National Tax and Accountants Association",NA,NA,NA,NA,NA,"Professional","1367",0,6
"Prosper Australia",NA,NA,NA,NA,NA,"Citizen","1466",16,62
"Taxpayers Australia","Tax and Super Australia",NA,NA,NA,NA,"Citizen","1618",0,13
"Australian Taxpayers' Alliance","Australian Taxpayers Alliance",NA,NA,NA,NA,"Citizen","20213",5,89
"Economic Society of Australia","Economic Society",NA,NA,NA,NA,"Professional","20102",0,143
"Benevolent Society",NA,NA,NA,NA,NA,"Service","10507",5,0
"Australian Addison's Disease Association","Australian Addisons Disease Association",NA,NA,NA,"ANZICS","Service","146",0,0
"Australian Islamic Cultural Centre",NA,NA,NA,NA,NA,"Service","452",0,0
"Australian Literacy and Numeracy Foundation",NA,NA,NA,NA,NA,"Service","468",0,0
"Australian Mathematics Trust",NA,NA,NA,NA,NA,"Service","497",0,0
"Australian Multiple Birth Association",NA,NA,NA,NA,NA,"Service","515",3,0
"Australian Network on Disability",NA,NA,NA,NA,NA,"Service","534",7,0
"Australian Outward Bound Foundation","Outward Bound Australia",NA,NA,NA,NA,"Service","548",1,0
"Australian Seniors Computer Clubs Association",NA,NA,NA,NA,NA,"Service","620",0,0
"Australian Speech Communication Association Inc","Australian Speech Communication Association",NA,NA,NA,NA,"Service","662",0,0
"Autism Spectrum Australia","Autism Spectrum",NA,NA,NA,NA,"Service","737",6,0
"Bible League",NA,NA,NA,NA,NA,"Service","754",0,0
"Bible Society Australia",NA,NA,NA,NA,NA,"Service","755",0,0
"Bone Health Foundation",NA,NA,NA,NA,NA,"Service","772",0,0
"Bowel Group for Kids Inc","Bowel Group for Kids",NA,NA,NA,NA,"Service","774",0,0
"BoysTown","YourTown",NA,NA,NA,NA,"Service","777",30,0
"Brain Foundation",NA,NA,NA,NA,NA,"Service","779",0,0
"Food Safety Information Council",NA,NA,NA,NA,NA,"Service","1048",12,0
"Polycystic Ovarian Syndrome Association",NA,NA,NA,NA,NA,"Service","1443",0,0
"Skin and Cancer Foundation Australia","Skin and Cancer Foundation",NA,NA,NA,NA,"Service","1557",0,0
"Sleep Disorders Australia",NA,NA,NA,NA,NA,"Service","1558",0,0
"Smith Family","The Smith Family",NA,NA,NA,NA,"Service","1559",104,0
"Social Ventures Australia","Social Ventures",NA,NA,NA,NA,"Service","1561",24,0
"Stride Foundation Limited","Stride Foundation",NA,NA,NA,NA,"Service","1597",0,0
"The Alannah and Madeline Foundation","Alannah and Madeline Foundation",NA,NA,NA,NA,"Service","1626",0,0
"Australian Institute of Landscape Architects",NA,NA,NA,NA,"AILA","Professional","428",4,71
"Australian Marine Sciences Association",NA,NA,NA,NA,"AMSA","Professional","491",0,8
"Australian Water Association",NA,NA,NA,NA,NA,"Business","711",4,18
"Central Australian Aboriginal Congress",NA,NA,NA,NA,NA,"Hybrid","826",2,0
"Central Australian Aboriginal Media Association",NA,NA,NA,NA,NA,"Service","827",0,0
"Gemmological Association of Australia","Gemmological Association",NA,NA,NA,NA,"Professional","1081",0,4
"Geological Society of Australia Inc","Geological Society of Australia","Geological Society",NA,NA,NA,"Professional","1082",0,6
"Murray Darling Association",NA,NA,NA,NA,NA,"Citizen","1284",1,8
"National Aboriginal Sports Corporation Australia","National Aboriginal Sports Corporation",NA,NA,NA,NA,"Service","1294",0,0
"Waste Management Association of Australia","Waste Management and Resource Recovery Association of Australia","Waste Management Association","Waste Management and Resource Recovery Association",NA,NA,"Business","1681",12,42
"Water Industry Operators Association of Australia","Water Industry Operators Association",NA,NA,NA,"WIOA","Business","1683",1,12
"Water Services Association of Australia","Water Services Association",NA,NA,NA,NA,"Business","1684",5,27
"Zoo and Aquarium Association",NA,NA,NA,NA,"ACRS","Business","1718",1,39
"Australasian Cemeteries and Crematoria Association",NA,NA,NA,NA,NA,"Business","20015",0,2
"Australian Childcare Alliance",NA,NA,NA,NA,NA,"Business","10549",137,284
"Australasian Gaming Council",NA,NA,NA,NA,"AGC","Business","20021",0,1
"Coalition of Celebrant Associations",NA,NA,NA,NA,"CEDA","Business","20097",0,7
"Royal Humane Society of Australasia","Royal Humane Society",NA,NA,NA,NA,"Citizen","10529",0,18
"Australian Association of Police Citizens Youth Clubs",NA,NA,NA,NA,NA,"Citizen","10666",0,0
"Australian Legion of Ex-Servicemen and Women",NA,NA,NA,NA,NA,"Citizen","10524",0,2
"Australian Pensioners and Superannuants Federation","Australian Pensioners and Superannuants' Federation",NA,NA,NA,NA,"Citizen","10660",0,0
"Council to Homeless Persons",NA,NA,NA,NA,NA,"Citizen","10698",12,151
"FamilyVoice Australia","FamilyVoice",NA,NA,NA,"NCCA","Citizen","20107",7,16
"National Council of Single Mothers and Their Children",NA,NA,NA,NA,NA,"Citizen","10525",0,31
"Local Community Services Association",NA,NA,NA,NA,NA,"Citizen","10692",0,0
"Sole Parents' Union","Sole Parents Union",NA,NA,NA,NA,"Citizen","10526",0,0
"Australian Federation of Homelessness Organisations",NA,NA,NA,NA,NA,"Citizen","10742",0,0
"Tearfund Australia",NA,NA,NA,NA,NA,"Hybrid","1620",0,0
"Centacare Catholic Family Services",NA,NA,NA,NA,NA,"Service","10600",12,0
"Australian Lutheran World Service",NA,NA,NA,NA,NA,"Service","10654",0,0
"Australian Volunteers",NA,NA,NA,NA,NA,"Service","10655",0,0
"Australian Theatre for Young People",NA,NA,NA,NA,NA,"Service","10661",2,0
"Ted Noffs Foundation",NA,NA,NA,NA,NA,"Service","10572",8,0
"Network of Community Activities",NA,NA,NA,NA,NA,"Service","10508",7,0
"Disability Information and Resource Centre",NA,NA,NA,NA,NA,"Service","10513",0,0
"Australian Islamic Mission",NA,NA,NA,NA,NA,"Service","10626",0,0
"Royal District Nursing Service",NA,NA,NA,NA,NA,"Service","20170",0,0
"GetUp",NA,NA,NA,NA,NA,"Citizen","1719",418,3006
"Tear Australia",NA,NA,NA,NA,NA,"Hybrid","20187",0,0
"Aftercare","Stride",NA,NA,NA,NA,"Service","23",0,0
"Aged and Community Services Australia","Aged and Community Services",NA,NA,NA,NA,"Citizen","24",38,229
"Apex Foundation",NA,NA,NA,NA,NA,"Service","57",0,0
"Association of Independent Retirees",NA,NA,NA,NA,NA,"Citizen","89",42,119
"Australian Association of Social Workers",NA,NA,NA,NA,NA,"Professional","182",3,24
"Australian Catholic Social Justice Council",NA,NA,NA,NA,NA,"Citizen","232",0,0
"Australian Community Children's Services","Australian Community Childrens Services",NA,NA,NA,NA,"Citizen","264",0,3
"Australian Community Services Employers Association","Community Management Solutions",NA,NA,NA,NA,"Business","265",0,1
"Australian Council of Social Service",NA,NA,NA,NA,NA,"Citizen","282",200,984
"Australian Meals on Wheels Association",NA,NA,NA,NA,NA,"Hybrid","498",0,0
"Australian National Committee on Refugee Women",NA,NA,NA,NA,NA,"Citizen","526",0,2
"Australian Red Cross",NA,NA,NA,NA,NA,"Service","597",52,0
"Barnardos Australia","Barnardos",NA,NA,NA,NA,"Hybrid","748",18,0
"Beacon Foundation",NA,NA,NA,NA,NA,"Service","750",17,0
"Bravehearts",NA,NA,NA,NA,NA,"Hybrid","782",4,0
"Brotherhood of St Laurence",NA,NA,NA,NA,NA,"Hybrid","789",29,0
"Camp Quality",NA,NA,NA,NA,NA,"Service","803",0,0
"Care Leavers of Australia Network",NA,NA,NA,NA,NA,"Citizen","809",0,1
"Carers Alliance",NA,NA,NA,NA,NA,"Citizen","811",0,4
"Carers Australia",NA,NA,NA,NA,NA,"Citizen","812",20,63
"Caritas Australia","Caritas",NA,NA,NA,NA,"Hybrid","813",16,0
"Catholic Social Services",NA,NA,NA,NA,NA,"Institutional","817",10,57
"Child Abuse Prevention Service",NA,NA,NA,NA,NA,"Service","838",0,0
"Children with Disability Australia","Children and Young People with Disability Australia","Children and Young People with Disability",NA,NA,NA,"Citizen","840",8,58
"Children's Protection Society","Childrens Protection Society",NA,NA,NA,NA,"Service","844",0,0
"Community Information Strategies Australia Inc t/a Connecting Up Australia","Connecting Up","Community Information Strategies",NA,NA,NA,"Service","882",0,0
"Crisis Support Services","On the line","Crisis Support Services Inc",NA,NA,NA,"Service","924",0,0
"Family Relationship Services Australia","Family Relationship Services",NA,NA,NA,NA,"Citizen","1011",0,0
"Fatherhood Foundation","Dads4Kids",NA,NA,NA,NA,"Hybrid","1013",0,0
"Gamblers Anonymous",NA,NA,NA,NA,NA,"Service","1072",0,0
"House With No Steps","Aruma","House With No Steps (The Wheelchair and Disabled Association of Aust)",NA,NA,NA,"Service","1139",8,0
"Independence Australia",NA,NA,NA,NA,NA,"Service","1154",0,0
"Isolated Children's Parents Association",NA,NA,NA,NA,NA,"Citizen","1198",0,1
"Marriage and Relationship Educators' Association of Australia Inc","Marriage and Relationship Educators' Association of Australia","Marriage and Relationship Educators' Association","Marriage and Relationship Educators Association of Australia","Marriage and Relationship Educators Association",NA,"Professional","1245",0,0
"Mirabel Foundation",NA,NA,NA,NA,NA,"Service","1276",0,0
"Mission Australia",NA,NA,NA,NA,NA,"Service","1277",101,0
"Mothers Union in Australia","Anglican Mothers Union Australia","Mothers Union","Anglican Mothers Union",NA,NA,"Service","1281",0,0
"National Council on Intellectual Disability","Council for Intellectual Disability",NA,NA,NA,NA,"Citizen","1326",3,21
"National Disability Services",NA,NA,NA,NA,NA,"Institutional","1327",83,174
"National Ethnic Disability Alliance",NA,NA,NA,NA,NA,"Citizen","1333",1,3
"Open Family Australia",NA,NA,NA,NA,NA,"Service","1396",0,0
"Oz Child: Children Australia Inc","Oz Child","Children Australia",NA,NA,NA,"Service","1411",0,0
"Plan",NA,NA,NA,NA,NA,"Hybrid","1433",0,0
"Secretariat of National Aboriginal and Islander Child Care",NA,NA,NA,NA,NA,"Citizen","1537",0,28
"Seeing Eye Dogs Australia","Seeing Eye Dogs",NA,NA,NA,NA,"Service","1539",0,0
"Service to Youth Council",NA,NA,NA,NA,NA,"Hybrid","1542",0,0
"St Vincent de Paul National Council of Australia","St Vincent de Paul National Council",NA,NA,NA,NA,"Hybrid","1585",0,0
"St.George Foundation","St George Foundation",NA,NA,NA,NA,"Service","1586",1,0
"Starlight Children's Foundation of Australia","Starlight Children's Foundation","Starlight Childrens Foundation of Australia","Starlight Childrens Foundation",NA,NA,"Service","1589",0,0
"The Salvation Army Southern Territory","Salvation Army Southern Territory",NA,NA,NA,NA,"Service","1641",0,0
"Uniting Care Australia","Uniting Care",NA,NA,NA,NA,"Hybrid","1666",10,0
"Whitelion",NA,NA,NA,NA,NA,"Service","1690",2,0
"Women With Disabilities Australia","Women With Disabilities",NA,NA,NA,NA,"Citizen","1702",4,13
"Women's Services Network","Womens Services Network",NA,NA,NA,NA,"Citizen","1704",0,2
"Yfoundations",NA,NA,NA,NA,NA,"Citizen","1711",5,11
"Young People and the Arts Australia","Young People and the Arts",NA,NA,NA,NA,"Citizen","1714",0,0
"YWCA of Australia","YWCA",NA,NA,NA,NA,"Citizen","1716",1,1
"Commercial Radio Australia","Commercial Radio",NA,NA,NA,NA,"Business","869",42,136
"Academy of the Social Sciences in Australia","Academy of the Social Sciences",NA,NA,NA,NA,"Professional","7",0,113
"Alternative Technology Association",NA,NA,NA,NA,"ATA","Citizen","42",4,14
"Association of Professional Engineers, Scientists and Managers","Professionals Australia",NA,NA,NA,"SIBA","Professional","96",34,282
"Astronomical Society of Australia","Astronomical Society",NA,NA,NA,"ASA","Professional","103",2,13
"Audit Bureau of Australia","Audited Media Association of Australia","Audit Bureau","Audited Media Associatio",NA,"TRLASA","Business","108",0,11
"AusBiotech",NA,NA,NA,NA,NA,"Business","109",33,67
"Australian Academy of Science",NA,NA,NA,NA,"AAS","Professional","141",36,423
"Australian Academy of Technological Sciences and Engineering",NA,NA,NA,NA,NA,"Professional","142",0,46
"Australian Academy of the Humanities",NA,NA,NA,NA,NA,"Professional","143",1,50
"Australian Acoustical Society",NA,NA,NA,NA,NA,"Professional","144",0,4
"Australian Archaeological Association Inc","Australian Archaeological Association",NA,NA,NA,NA,"Professional","159",0,11
"Australian Association of Consulting Archaeologists Inc","Australian Association of Consulting Archaeologists",NA,NA,NA,NA,"Professional","171",0,3
"Australian Children's Television Foundation","Australian Childrens Television Foundation",NA,NA,NA,NA,"Hybrid","242",0,0
"Australian Computer Society",NA,NA,NA,NA,NA,"Professional","268",17,194
"Australian Council for Computers in Education",NA,NA,NA,NA,NA,"Professional","276",0,3
"Australian Council of Film Societies",NA,NA,NA,NA,NA,"Citizen","280",0,0
"Australian Council on Children and the Media",NA,NA,NA,NA,"ACCM","Citizen","289",0,46
"Australian Directors Guild",NA,NA,NA,NA,NA,"Business","312",0,43
"Australian Earthquake Engineering Society",NA,NA,NA,NA,NA,"Professional","317",0,1
"Australian Entomological Society Inc","Australian Entomological Society",NA,NA,NA,NA,"Professional","322",0,2
"Australian Federation Against Copyright Theft","Australia New Zealand Screen Association","Australian Screen Association",NA,NA,NA,"Business","330",0,21
"Australian Film Institute","Australian Academy Cinema Television Arts",NA,NA,NA,NA,"Business","345",2,113
"Australian Geomechanics Society",NA,NA,NA,NA,"AGS","Professional","368",0,1
"Australian Home Entertainment Distributors Association",NA,NA,NA,NA,"AVSDA","Business","391",0,14
"Australian Independent Record Labels Association",NA,NA,NA,NA,NA,"Business","399",0,15
"Australian Information Industry Association",NA,NA,NA,NA,NA,"Business","408",13,103
"Australian Institute of Geoscientists",NA,NA,NA,NA,NA,"Professional","422",1,8
"Australian Institute of Physics",NA,NA,NA,NA,"AIP","Professional","438",1,20
"Australian Interactive Media Industry Association","Digital + Technology Collective","Digital and Technology Collective",NA,NA,NA,"Business","450",0,1
"Australian Market and Social Research Society",NA,NA,NA,NA,"AMSRS","Professional","493",0,1
"Australian Mathematical Sciences Institute",NA,NA,NA,NA,NA,"Professional","495",24,180
"Australian Mathematical Society",NA,NA,NA,NA,NA,"Professional","496",2,9
"Australian Mobile Telecommunications Association",NA,NA,NA,NA,NA,"Business","511",8,37
"Australian Newsagents' Federation","Australian Lottery and Newsagents' Association","Australian Newsagents Federation","Australian Lottery and Newsagents Association",NA,"AL","Business","535",0,0
"Australian Political Studies Association",NA,NA,NA,NA,NA,"Professional","569",0,4
"Australian Press Council",NA,NA,NA,NA,NA,"Business","578",2,1442
"Australian Publishers Association",NA,NA,NA,NA,NA,"Business","589",9,46
"Australian Record Industry Association",NA,NA,NA,NA,NA,"Business","595",0,37
"Australian Screen Editors Guild Inc","Australian Screen Editors Guild",NA,NA,NA,NA,"Professional","615",0,0
"Australian Institute of Office Professionals",NA,NA,NA,NA,NA,"Professional","20069",0,0
"Australian Society for Biochemistry and Molecular Biology",NA,NA,NA,NA,"ASBMB","Professional","635",0,0
"Australian Society for Microbiology",NA,NA,NA,NA,"ASM","Professional","640",0,6
"Australian Society of Exploration Geophysicists",NA,NA,NA,NA,"ASEG","Professional","650",0,0
"Australian Subscription Television and Radio Association",NA,NA,NA,NA,NA,"Business","672",0,51
"Australian Teleservices Association","Auscontact Association",NA,NA,NA,"ATA","Business","683",0,1
"Australian Web Industry Association",NA,NA,NA,NA,NA,"Business","714",0,0
"BICSI",NA,NA,NA,NA,NA,"Professional","756",0,0
"Business Software Alliance",NA,NA,NA,NA,NA,"Business","800",0,2
"Communications Alliance",NA,NA,NA,NA,NA,"Business","873",66,172
"Communications and Media Law Association",NA,NA,NA,NA,"CAMLA","Professional","874",0,4
"Community Broadcasting Association of Australia","Community Broadcasting Association",NA,NA,NA,"CBAA","Business","878",2,14
"Community Newspapers of Australia",NA,NA,NA,NA,"C","Business","883",0,0
"Council for the Humanities, Arts and Social Sciences",NA,NA,NA,NA,NA,"Professional","911",0,1
"Engineers Australia",NA,NA,NA,NA,NA,"Professional","992",161,468
"Females in Information Technology and Telecommunications",NA,NA,NA,NA,NA,"Professional","1028",0,0
"Foreign Correspondents Association of Australia","Foreign Correspondents Association","Foreign Correspondents' Association of Australia","Foreign Correspondents' Association",NA,"FCA","Professional","1050",0,0
"Free TV Australia",NA,NA,NA,NA,NA,"Business","1057",61,225
"Friends of the ABC","ABC friends",NA,NA,NA,NA,"Citizen","1061",14,128
"Graphic Arts Services Association of Australia","Graphic Arts Services Association",NA,NA,NA,NA,"Business","1100",0,0
"Independent Cinemas Association of Australia","Independent Cinemas Association",NA,NA,NA,"ICAA","Business","1155",0,0
"Information Systems Audit and Control Association",NA,NA,NA,NA,"ISACA","Business","1157",0,0
"Information Technology Contract & Recruitment Association","Information Technology Contract and Recruitment Association","Information Technology Contract and Recruitment Association Ltd",NA,NA,NA,"Professional","1158",0,0
"Institute for Information Management",NA,NA,NA,NA,NA,"Business","1161",0,0
"Institute of Industrial Engineers",NA,NA,NA,NA,NA,"Professional","1175",0,1
"Institute of Instrumentation Control & Automation Australia","Institute of Instrumentation Control and Automation Australia","Institute of Instrumentation Control & Automation",NA,NA,NA,"Professional","1176",0,0
"Magazine Publishers of Australia","Magazine Networks",NA,NA,NA,NA,"Business","1239",0,0
"Materials Australia",NA,NA,NA,NA,"IMEA","Business","1251",0,5
"Media Federation of Australia","Media Federation",NA,NA,NA,"MFA","Business","1255",10,24
"Media, Entertainment and Arts Alliance",NA,NA,NA,NA,"MEAA","Union","1256",52,317
"Metrology Society of Australia","Metrology Society",NA,NA,NA,NA,"Professional","1270",0,0
"Motion Picture Distributors' Association of Australia","Motion Picture Distributors' Association","Motion Picture Distributors Association of Australia","Motion Picture Distributors Association",NA,"MPDAA","Business","1282",0,0
"National Association of Testing Authorities Australia","National Association of Testing Authorities",NA,NA,NA,"TA","Professional","1309",0,3
"National Space Society of Australia","National Space Society",NA,NA,NA,NA,"Professional","1362",0,2
"National Speakers Association of Australia","Professional Speakers Australia","National Speakers Association","Professional Speakers",NA,"NSAA","Professional","1363",4,14
"Outdoor Media Association",NA,NA,NA,NA,NA,"Business","1405",4,48
"Phonographic Performance Company of Australia","Phonographic Performance Company",NA,NA,NA,NA,"Business","1428",0,16
"Printing Industries Association of Australia","Printing Industries Association",NA,NA,NA,"API","Business","1453",0,7
"Professions Australia","Australian Council of Professions",NA,NA,NA,NA,"Professional","1460",1,0
"Publishers Australia",NA,NA,NA,NA,NA,"Business","1472",0,21
"Research Australia",NA,NA,NA,NA,NA,"Business","1493",16,1045
"Royal Australian Chemical Institute",NA,NA,NA,NA,NA,"Professional","1509",0,23
"Science and Technology Australia","Science and Technology",NA,NA,NA,NA,"Business","1527",45,84
"Science Industry Australia Ltd","Science Industry Australia","Science Industry",NA,NA,NA,"Business","1528",0,0
"Screen Printing and Graphic Imaging Association of Australia","Screen Printing and Graphic Imaging Association",NA,NA,NA,NA,"Business","1531",0,0
"Screen Producers Association of Australia","Screen Producers Australia","Screen Producers Association",NA,NA,NA,"Business","1532",65,187
"Simulation Australia",NA,NA,NA,NA,NA,"Business","1554",0,2
"Society of Motion Pictures and Television Engineers",NA,NA,NA,NA,NA,"Professional","1567",0,0
"Statistical Society of Australia","Statistical Society",NA,NA,NA,NA,"Professional","1590",3,10
"System Administrations Guild of Australia","System Administrations Guild",NA,NA,NA,NA,"Professional","1612",0,0
"The Australian Anthropological Society","Australian Anthropological Society",NA,NA,NA,NA,"Professional","1628",0,1
"The Australian Sociological Association","Australian Sociological Association",NA,NA,NA,NA,"Professional","1631",2,5
"The Communications Council","Advertising Council Australia",NA,NA,NA,NA,"Business","1632",3,42
"Wireless Institute of Australia","Wireless Institute",NA,NA,NA,"WIA","Business","1697",0,7
"Women in Science Enquiry Network","Women in STEMM Australia",NA,NA,NA,NA,"Citizen","1701",0,3
"Advertising Federation of Australia","Advertising Federation",NA,NA,NA,NA,"Business","10517",0,4
"Australian Publishers' Bureau","Australian Publishers Bureau",NA,NA,NA,NA,"Business","10622",0,0
"Australian Video Retailers Association",NA,NA,NA,NA,NA,"Business","10681",0,0
"Australian Visual Software Distributors Association",NA,NA,NA,NA,NA,"Business","10560",0,0
"Australasian Promotional Products Association",NA,NA,NA,NA,NA,"Business","20033",0,0
"Country Press Australia",NA,NA,NA,NA,NA,"Business","10729",11,60
"Australian Spatial Information Business Association",NA,NA,NA,NA,NA,"Business","10704",0,0
"Australian Digital and Telecommunications Industry Association",NA,NA,NA,NA,NA,"Business","10708",0,0
"Interactive Advertising Bureau",NA,NA,NA,NA,NA,"Business","20127",5,51
"Australian and New Zealand Association for the Advancement of Science",NA,NA,NA,NA,NA,"Citizen","10756",0,2
"Australian Melanoma Research Foundation",NA,NA,NA,NA,NA,"Citizen","10545",2,14
"Australian Institute of Navigation",NA,NA,NA,NA,"AIN","Professional","20068",0,0
"Australasian Corrosion Association",NA,NA,NA,NA,NA,"Professional","20019",0,1
"Australian Institute for Nuclear Science and Engineering (AINSE)","Australian Institute for Nuclear Science and Engineering","AINSE",NA,NA,NA,"Professional","20067",0,0
"Australian and New Zealand Society of Criminology",NA,NA,NA,NA,NA,"Professional","10566",0,14
"Institute of Marine Engineering, Science and Technology",NA,NA,NA,NA,NA,"Professional","10718",0,5
"Australasian Society for Immunology",NA,NA,NA,NA,"ASI","Professional","20038",0,1
"Australasian Systematic Botany Society",NA,NA,NA,NA,"ASBS","Professional","20043",0,0
"Licensing Executives Society Australia and New Zealand",NA,NA,NA,NA,"LESANZ","Professional","20131",0,0
"Australasian Institute for Maritime Archaeology",NA,NA,NA,NA,"AIMA","Professional","20022",0,0
"Australian Evaluation Society",NA,NA,NA,NA,NA,"Professional","10671",0,0
"Transplantation Society of Australia and New Zealand",NA,NA,NA,NA,"TSANZ","Professional","20204",0,23
"Australasian Speech Science and Technology Association",NA,NA,NA,NA,"ASSTA","Professional","20041",0,1
"Australasian Research Management Society",NA,NA,NA,NA,NA,"Professional","20035",0,1
"Australian Accounting Research Foundation",NA,NA,NA,NA,NA,"Service","10601",0,0
"Communication Research Institute of Australia","Communication Research Institute",NA,NA,NA,NA,"Service","10679",1,0
"Water Research Australia",NA,NA,NA,NA,NA,"Service","10680",0,0
"Boating Industry Association",NA,NA,NA,NA,"BIA","Business","20088",8,42
"Australian Direct Marketing Association",NA,NA,NA,NA,NA,"Business","10639",0,1
"Concrete Pipe Association of Australasia","Concrete Pipe Association",NA,NA,NA,NA,"Business","20101",0,0
"Australian International Movers Association",NA,NA,NA,NA,"AIMA","Business","10683",0,0
"Association of Rotational Moulders Australasia",NA,NA,NA,NA,NA,"Business","20005",0,0
"Australian Wine Export Council",NA,NA,NA,NA,NA,"Business","10720",0,0
"Australasian Association of Convenience Stores",NA,NA,NA,NA,NA,"Business","20013",9,0
"Australian Peak Shippers Association",NA,NA,NA,NA,NA,"Business","10696",3,11
"Venue Management Association (Asia and Pacific)","Venue Management Association",NA,NA,NA,"VMA","Business","20206",0,0
"Australasian Wire Industry Association",NA,NA,NA,NA,NA,"Business","20046",0,0
"Australia Indonesia Business Council",NA,NA,NA,NA,"AIBC","Business","20048",0,48
"Australian Seafood Industry Council",NA,NA,NA,NA,NA,"Business","10607",0,1
"Indian Ocean Tourism Organisation",NA,NA,NA,NA,NA,"Business","10713",0,0
"Australian Federation of International Forwarders",NA,NA,NA,NA,NA,"Business","10546",0,1
"Australia-Pacific Islands Business Council","Australia Pacific Islands Business Council",NA,NA,NA,"APIBC","Business","20049",0,1
"Small Business Association of Australia","Small Business Association",NA,NA,NA,NA,"Business","10697",8,14
"SME Association of Australia","SME Association",NA,NA,NA,"VA","Business","20179",0,8
"Swimming Pool and Spa Association of Australia","Swimming Pool and Spa Association",NA,NA,NA,"CICA","Business","20185",14,19
"Australasian Wellness Association",NA,NA,NA,NA,NA,"Business","20045",0,1
"Baking Association of Australia","Baking Association",NA,NA,NA,"BIAQ","Business","20086",2,21
"Master Painters and Decorators Australia","Master Painters and Decorators",NA,NA,NA,NA,"Professional","20138",0,0
"Master Electricians Australia","Master Electricians",NA,NA,NA,NA,"Professional","20136",4,34
"Association of Australasian Diesel Specialists",NA,NA,NA,NA,"AADS","Business","20004",0,0
"Parking Australia",NA,NA,NA,NA,"ODA","Business","20152",19,55
"Australasian Railway Association",NA,NA,NA,NA,"ARA","Business","20034",12,39
"Australian Helicopter Industry Association",NA,NA,NA,NA,"AWPA","Business","10761",3,6
"Bicycle Federation of Australia","Bicycle Federation",NA,NA,NA,NA,"Citizen","10686",0,0
"Society of Automotive Engineers Australasia","Society of Automotive Engineers",NA,NA,NA,NA,"Professional","10727",2,0
"Australasian Tunnelling Society",NA,NA,NA,NA,NA,"Professional","20044",0,0
"Railway Technical Society of Australasia","Railway Technical Society",NA,NA,NA,"RTSA","Professional","20160",0,3
"Council of Motor Clubs",NA,NA,NA,NA,NA,"Service","10760",0,0
"Aircraft Owners and Pilots Association of Australia","Aircraft Owners and Pilots Association",NA,NA,NA,"AOPA","Professional","33",8,7
"Amy Gillett Foundation",NA,NA,NA,NA,NA,"Citizen","50",0,33
"Australian Airports Association",NA,NA,NA,NA,NA,"Business","150",135,353
"Australian Association for Maritime Affairs",NA,NA,NA,NA,NA,"Business","164",0,0
"Australian Automobile Association",NA,NA,NA,NA,NA,"Citizen","187",71,479
"Australian Automobile Dealers Association",NA,NA,NA,NA,NA,"Professional","188",0,1
"Australian Automotive Aftermarket Association",NA,NA,NA,NA,"AAAA","Business","189",17,35
"Australian Federation of Air Pilots",NA,NA,NA,NA,NA,"Professional","332",40,237
"Australian Furniture Removers Association",NA,NA,NA,NA,NA,"Professional","361",3,4
"Australian Historic Motoring Council Inc","Australian Historic Motoring Federation",NA,NA,NA,NA,"Citizen","389",0,0
"Australian Industrial Truck Association",NA,NA,NA,NA,NA,"Business","404",0,0
"Australian Institute of Marine and Power Engineers",NA,NA,NA,NA,NA,"Professional","430",0,36
"Australian Motor Industry Federation","Motor Trades Association of Australia",NA,NA,NA,NA,"Business","10618",1,76
"Australian Licensed Aircraft Engineers' Association","Australian Licensed Aircraft Engineers Association",NA,NA,NA,NA,"Professional","465",23,24
"Australian National Four Wheel Drive Council",NA,NA,NA,NA,"AHMF","Citizen","528",0,0
"NatRoad Ltd","National Road Transport Association","NatRoad",NA,NA,"NSWTC","Business","1374",10,33
"Australian Rail, Tram and Bus Industry Union",NA,NA,NA,NA,NA,"Union","593",0,40
"Australian Road Train Association",NA,NA,NA,NA,NA,"Business","606",0,0
"Australian Road Transport Suppliers Association",NA,NA,NA,NA,"ARTSA","Business","607",0,3
"Australian Ship Repairers Group","Australian Shipbuilders and Repair Group",NA,NA,NA,NA,"Business","628",0,0
"Australian Shipowners Association","Maritime Industry Australia",NA,NA,NA,NA,"Business","629",4,31
"Australian Taxi Industry Association",NA,NA,NA,NA,NA,"Business","678",7,14
"Australian Trucking Association",NA,NA,NA,NA,"ATIA","Business","694",28,146
"Australian Women Pilots Association",NA,NA,NA,NA,NA,"Professional","722",0,4
"Auto Parts Recyclers Association of Australia Inc","Auto Parts Recyclers Association of Australia","Auto Parts Recyclers Association",NA,NA,NA,"Business","738",0,0
"Bicycle Industries Australia",NA,NA,NA,NA,NA,"Business","757",8,12
"Board of Airline Representatives of Australia","Board of Airline Representatives",NA,NA,NA,NA,"Business","769",17,70
"Bus Industry Confederation",NA,NA,NA,NA,"BIC","Business","794",3,5
"Chartered Institute of Logistics and Transport",NA,NA,NA,NA,NA,"Business","832",0,18
"Civil Air Australia",NA,NA,NA,NA,"CIVILAIR","Professional","857",3,6
"Company of Master Mariners of Australia","Company of Master Mariners",NA,NA,NA,NA,"Professional","885",0,0
"Customs Brokers and Forwarders Council of Australia","Customs Brokers and Forwarders Council",NA,NA,NA,NA,"Business","930",1,3
"Disabled Motorists",NA,NA,NA,NA,NA,"Service","959",0,0
"Federal Chamber of Automotive Industries",NA,NA,NA,NA,"FCAI","Business","1015",243,939
"Federation of Automotive Products Manufacturers",NA,NA,NA,NA,NA,"Business","1021",2,11
"Flight Attendants Association of Australia","Flight Attendants Association","Flight Attendants' Association of Australia","Flight Attendants' Association",NA,NA,"Union","1044",74,196
"Institute of Automotive Mechanical Engineers",NA,NA,NA,NA,"IAME","Professional","1169",2,4
"Logistics Association of Australia","Supply Chain and Logistics Association Of Australia","Logistics Association","Supply Chain and Logistics Association",NA,NA,"Professional","1235",0,1
"Maritime Union of Australia","Maritime Union",NA,NA,NA,NA,"Union","1244",89,993
"National Bulk Tanker Association",NA,NA,NA,NA,"NBTA","Business","1317",0,1
"Roads Australia","Australian Road Federation",NA,NA,NA,NA,"Business","10685",3,29
"National Tourism Alliance",NA,NA,NA,NA,NA,"Business","1369",0,3
"Overnight Airfreight Operators' Association","Overnight Airfreight Operators Association",NA,NA,NA,NA,"Professional","1409",0,0
"Ports Australia",NA,NA,NA,NA,"ASA","Business","1445",40,85
"Rail Track Association Australia","Rail Track Association",NA,NA,NA,NA,"Business","1477",0,0
"Refrigerated Warehouse and Transport Association of Australia Ltd","Refrigerated Warehouse and Transport Association of Australia","Refrigerated Warehouse and Transport Association",NA,NA,NA,"Business","1485",0,0
"Regional Aviation Association of Australia","Regional Aviation Association",NA,NA,NA,NA,"Business","1487",20,41
"Roadmarking Industry Association of Australia","Roadmarking Industry Association",NA,NA,NA,NA,"Business","1502",0,0
"Shipping Australia",NA,NA,NA,NA,NA,"Business","1549",38,90
"Space Industry Association of Australia","Space Industry Association",NA,NA,NA,"ASICC","Business","1570",7,59
"Transport Workers' Union of Australia","Transport Workers' Union","Transport Workers Union of Australia","Transport Workers Union",NA,"QPSU","Union","1655",0,7
